Input Line,Processed Line,Digits in Line,Calibration Value
3fiveone,351,"3, 5, 1",31
eightnineseventwo1seven,8nineseventwo17,"8, 1, 7",87
9h1xcrcggtwo38,9h1xcrcgg238,"9, 1, 2, 3, 8",98
nine4pvtl,94pvtl,"9, 4",94
seven7rsbqpgxtjzsgxssix,77rsbqpgxtjzsgxs6,"7, 7, 6",76
twofivethreepqgsvrszczrthree7,2fivethreepqgsvrszczr37,"2, 3, 7",27
44qcrkvr1two,44qcrkvr12,"4, 4, 1, 2",42
zstrmphtxdvdpsnhpnq4threenbjznsb,zstrmphtxdvdpsnhpnq43nbjznsb,"4, 3",43
bhgxhb41eight,bhgxhb418,"4, 1, 8",48
qhstsbxsspsrfourmtvtnfhxlj699one,qhstsbxsspsr4mtvtnfhxlj6991,"4, 6, 9, 9, 1",41
onekvhgkeighteight6two7ninelnfzbr,1kvhgkeighteight6two79lnfzbr,"1, 6, 7, 9",19
xsixz5six3gfqrzmpnjgskd6,x6z563gfqrzmpnjgskd6,"6, 5, 6, 3, 6",66
qfrpksmzzvfkddtfh6838,qfrpksmzzvfkddtfh6838,"6, 8, 3, 8",68
mztttgnxdqt4,mztttgnxdqt4,4,44
8threesevenfourgbgteight5twonenjr,83sevenfourgbgteight5tw1njr,"8, 3, 5, 1",81
bpzkn2rbbjtdtlznl,bpzkn2rbbjtdtlznl,2,22
glckqhjsbsznseight5dtnxnsix7,glckqhjsbszns85dtnxn67,"8, 5, 6, 7",87
2shd3ksrtmbs62vvdvhd,2shd3ksrtmbs62vvdvhd,"2, 3, 6, 2",22
9ninemdkkqjzjfour9mzspzjgmlhfq,99mdkkqjzj49mzspzjgmlhfq,"9, 9, 4, 9",99
7twoqjbshcfxldnkc33one83,72qjbshcfxldnkc33183,"7, 2, 3, 3, 1, 8, 3",73
zstxvfdthreeseven7mdfpgzgfourdfshplvqflfprt1,zstxvfd3seven7mdfpgzg4dfshplvqflfprt1,"3, 7, 4, 1",31
9mndn31msfprm1kpk,9mndn31msfprm1kpk,"9, 3, 1, 1",91
tmczplnmrsevenhmhprtllcktpr8eight9,tmczplnmr7hmhprtllcktpr889,"7, 8, 8, 9",79
49nine29917five,499299175,"4, 9, 9, 2, 9, 9, 1, 7, 5",45
6qspssvm8,6qspssvm8,"6, 8",68
7fourninefourcpfgpmxqjsjxmjfntwonine,74ninefourcpfgpmxqjsjxmjfntwo9,"7, 4, 9",79
3nxfjmzhseven22one,3nxfjmzh7221,"3, 7, 2, 2, 1",31
tzgnljxhs9nine1lvqgsix9four,tzgnljxhs991lvqgsix94,"9, 9, 1, 9, 4",94
eightthree9eightfourninexl6gsdhljppfb,8three9eightfour9xl6gsdhljppfb,"8, 9, 9, 6",86
9g,9g,9,99
2xlcvqrxs2eightznzdghnlvcfour8xbzk,2xlcvqrxs28znzdghnlvc48xbzk,"2, 2, 8, 4, 8",28
xgmfqvdbsn7sixnineseven5,xgmfqvdbsn76nine75,"7, 6, 7, 5",75
65zsghsnfbseven9,65zsghsnfb79,"6, 5, 7, 9",69
7skmb5,7skmb5,"7, 5",75
dbvjtf294threefournine,dbvjtf2943four9,"2, 9, 4, 3, 9",29
21hbtcfzbjhsbxlhd,21hbtcfzbjhsbxlhd,"2, 1",21
27four,274,"2, 7, 4",24
jlrthree9four8fourhqnsevenxqlmtsmzt,jlr39four8fourhqn7xqlmtsmzt,"3, 9, 8, 7",37
gjppzpvglfsvdmonercrsn4,gjppzpvglfsvdm1rcrsn4,"1, 4",14
3zzxmhc,3zzxmhc,3,33
ldfgpzjmtcbj3jvsltltjv1eightzrdczhrzpcssrsrxbj,ldfgpzjmtcbj3jvsltltjv18zrdczhrzpcssrsrxbj,"3, 1, 8",38
szblqqfgxhxkk3fourvqnpzf1onesixthree,szblqqfgxhxkk34vqnpzf1onesix3,"3, 4, 1, 3",33
vsb37three,vsb373,"3, 7, 3",33
8kxdcgmpb2sevenjdvc3eight7,8kxdcgmpb27jdvc387,"8, 2, 7, 3, 8, 7",87
kgrsmfghvfivemhxnfiveqzzspmgmsvvghzd1fzcrkzdfsb,kgrsmfghv5mhxn5qzzspmgmsvvghzd1fzcrkzdfsb,"5, 5, 1",51
5mphlhx5dmcxxcpcxsrdzdninethree,5mphlhx5dmcxxcpcxsrdzd93,"5, 5, 9, 3",53
hmqdkgvk4twoeight,hmqdkgvk428,"4, 2, 8",48
2rjxxdcgtq5fivehzslfc,2rjxxdcgtq55hzslfc,"2, 5, 5",25
srqzfsvpfbnsvninetwothree6sixppsmfrtcrxxth,srqzfsvpfbnsv9twothree66ppsmfrtcrxxth,"9, 6, 6",96
4fourtwocdxnzkbznnrf,442cdxnzkbznnrf,"4, 4, 2",42
4six419qpqfvfdpcrqvsjhgsfgrkpfmphseven,46419qpqfvfdpcrqvsjhgsfgrkpfmph7,"4, 6, 4, 1, 9, 7",47
hxdcttl72seven,hxdcttl727,"7, 2, 7",77
qkoneighttwoonesixeightfive2tzmrtpcthreefour,qk1ighttwoonesixeightfive2tzmrtpcthree4,"1, 2, 4",14
bnjqlftwobvsvjqptdp1two94twonej,bnjqlf2bvsvjqptdp1two94tw1j,"2, 1, 9, 4, 1",21
eightninetwo278prrbvmcmf,8nine2278prrbvmcmf,"8, 2, 2, 7, 8",88
seven79two,7792,"7, 7, 9, 2",72
one9bx,19bx,"1, 9",19
cfpbdmjbcd27sixfour,cfpbdmjbcd2764,"2, 7, 6, 4",24
16snbjgjzqxzplxkkclpxzdx,16snbjgjzqxzplxkkclpxzdx,"1, 6",16
3scbbonenine5fivethreenine,3scbb1nine5fivethree9,"3, 1, 5, 9",39
21sixsix68oneninefour,216six68onenine4,"2, 1, 6, 6, 8, 4",24
6ninejmtrp4fivekxgdgj,69jmtrp45kxgdgj,"6, 9, 4, 5",65
6mhlddxbshqbseventhree3two6six,6mhlddxbshqb7three3two66,"6, 7, 3, 6, 6",66
7four8smntchbmj71oneeight6,748smntchbmj71one86,"7, 4, 8, 7, 1, 8, 6",76
six25four196one2,625four19612,"6, 2, 5, 1, 9, 6, 1, 2",62
2foursixftdbhbtd6,246ftdbhbtd6,"2, 4, 6, 6",26
fourfonekfsxdgvglvtrnrrjzmmkzxljm3,4f1kfsxdgvglvtrnrrjzmmkzxljm3,"4, 1, 3",43
3xckjzm,3xckjzm,3,33
six9ssvkh1hdxcxmsptlxgdd8eight,69ssvkh1hdxcxmsptlxgdd88,"6, 9, 1, 8, 8",68
2eightfourone2ninezslhqhdlcp2qxv,28fourone29zslhqhdlcp2qxv,"2, 8, 2, 9, 2",22
7oneclztx7xsxhrhhggfbhzdfgkdfvsqjskmdzj,71clztx7xsxhrhhggfbhzdfgkdfvsqjskmdzj,"7, 1, 7",77
fouronekkxqtrkptqz8,41kkxqtrkptqz8,"4, 1, 8",48
klccbbvbjsix3fivenine,klccbbvbj63five9,"6, 3, 9",69
rjrxdxdz33nine,rjrxdxdz339,"3, 3, 9",39
sevenninen5,79n5,"7, 9, 5",75
nineseveneightlcfrlftwoxlsmrjxnkk7zlzpbzm,9seveneightlcfrlf2xlsmrjxnkk7zlzpbzm,"9, 2, 7",97
rblvkfltqtbm18one7bvkzvvqrlbtf,rblvkfltqtbm1817bvkzvvqrlbtf,"1, 8, 1, 7",17
gdcbszzf6sqldx,gdcbszzf6sqldx,6,66
twoninethree23sixninebnzzjgqrlfktt,2ninethree23six9bnzzjgqrlfktt,"2, 2, 3, 9",29
62ninetwo,6292,"6, 2, 9, 2",62
fourfour44z8,4444z8,"4, 4, 4, 4, 8",48
6qxdvmpkq,6qxdvmpkq,6,66
sixfivesixthree3x,6fivesix33x,"6, 3, 3",63
pcqfxpvb1threefive77,pcqfxpvb13577,"1, 3, 5, 7, 7",17
pncgzkppqqhmzmzjmzsevenxbsggc8,pncgzkppqqhmzmzjmz7xbsggc8,"7, 8",78
fivexxdvpl32rdsix2seven,5xxdvpl32rdsix27,"5, 3, 2, 2, 7",57
9blqpthpvfourfour69bprn,9blqpthpv4469bprn,"9, 4, 4, 6, 9",99
8vxsdfbdjmldkvtkbr4three,8vxsdfbdjmldkvtkbr43,"8, 4, 3",83
threefive8,358,"3, 5, 8",38
ck4p6,ck4p6,"4, 6",46
two9bpeightldmrnzbt,29bp8ldmrnzbt,"2, 9, 8",28
4dpd,4dpd,4,44
one7four6rcvtvfmzmnineq3,17four6rcvtvfmzm9q3,"1, 7, 6, 9, 3",13
4njtvkkstgmbjptcpdpzdfive,4njtvkkstgmbjptcpdpzd5,"4, 5",45
2tsl1sixgfbbpdhxgrfpt,2tsl16gfbbpdhxgrfpt,"2, 1, 6",26
947four5four3fivenine,94745four3five9,"9, 4, 7, 4, 5, 3, 9",99
fivelhtkgjhhzxfp3,5lhtkgjhhzxfp3,"5, 3",53
7one1three4sixmcrjlkzrj,711three46mcrjlkzrj,"7, 1, 1, 4, 6",76
9fourxtzqsjjmxfivehttj15,94xtzqsjjmx5httj15,"9, 4, 5, 1, 5",95
2lqnfrgvdninedrdj,2lqnfrgvd9drdj,"2, 9",29
9rtxjbffmsbsqdrnjjdkb,9rtxjbffmsbsqdrnjjdkb,9,99
twofour8,248,"2, 4, 8",28
1sixfourone,16four1,"1, 6, 1",11
nine1xzpqkfhmzkbqtzh,91xzpqkfhmzkbqtzh,"9, 1",91
bbh9fqrbt94onebdppqmtjlq,bbh9fqrbt941bdppqmtjlq,"9, 9, 4, 1",91
one8nnngz5,18nnngz5,"1, 8, 5",15
vchszvlzpljt1pdv6tqsk6four,vchszvlzpljt1pdv6tqsk64,"1, 6, 6, 4",14
sevensix9qmjkrglh,769qmjkrglh,"7, 6, 9",79
5threenine7fkrtbcsevenjlxrkltp1,53nine7fkrtbc7jlxrkltp1,"5, 3, 7, 7, 1",51
ggrsfivetwothree687two,ggrs5twothree6872,"5, 6, 8, 7, 2",52
jbtdsixthreexxvjbft5,jbtd63xxvjbft5,"6, 3, 5",65
1four2eightseven8one3eightwogrr,142eightseven8one3eigh2grr,"1, 4, 2, 8, 3, 2",12
six6vtltzh65,66vtltzh65,"6, 6, 6, 5",65
7bbxlhgdbrh9sph44sbboneoneightxcn,7bbxlhgdbrh9sph44sbb1on8xcn,"7, 9, 4, 4, 1, 8",78
lptqrf9twofzbmbbkkmt,lptqrf92fzbmbbkkmt,"9, 2",92
1zhxmsevenlnsxmdcpz5one,1zhxm7lnsxmdcpz51,"1, 7, 5, 1",11
63one,631,"6, 3, 1",61
one3ninepcnphxdzvhvmcv846,139pcnphxdzvhvmcv846,"1, 3, 9, 8, 4, 6",16
nkn6eight21one,nkn68211,"6, 8, 2, 1, 1",61
s1cnkm,s1cnkm,1,11
sixone3,613,"6, 1, 3",63
sixbvvmreightonethreesixthree3five,6bvvmreightonethreesixthree35,"6, 3, 5",65
bvbeight5sevensixchfrkjz,bvb85seven6chfrkjz,"8, 5, 6",86
hkfkczqffjmndzseven7fiverklvhv9,hkfkczqffjmndz775rklvhv9,"7, 7, 5, 9",79
rsfccvtl9seven,rsfccvtl97,"9, 7",97
fourczfive5threefive5qj3,4czfive5three55qj3,"4, 5, 5, 5, 3",43
9fivexskp3,95xskp3,"9, 5, 3",93
tsrdgzcvftbvllhvcvzzthreetzzspvvjkrfgn9,tsrdgzcvftbvllhvcvzz3tzzspvvjkrfgn9,"3, 9",39
bv8twotwo9nh,bv8229nh,"8, 2, 2, 9",89
lbksl3cpgzlxjgnrpqslbsknglctwothree,lbksl3cpgzlxjgnrpqslbsknglc23,"3, 2, 3",33
nine9eightqhcdzfcp2,998qhcdzfcp2,"9, 9, 8, 2",92
vckdtskc79threemblqcs3sixndlxfpq8,vckdtskc793mblqcs36ndlxfpq8,"7, 9, 3, 3, 6, 8",78
1ggkrvbpsl9ssix6one8zh,1ggkrvbpsl9s6618zh,"1, 9, 6, 6, 1, 8",18
679one9nzsktvfseighteightwotjm,67919nzsktvfseighteigh2tjm,"6, 7, 9, 1, 9, 2",62
threefive7gfzptnxbvvlzlxbteightglseightworsq,3five7gfzptnxbvvlzlxbteightglseigh2rsq,"3, 7, 2",32
843trvvsxdkfspsixonethreeone,843trvvsxdkfsp6onethree1,"8, 4, 3, 6, 1",81
hsrqmrfvvzkczhphc8147xrrnzldnvr,hsrqmrfvvzkczhphc8147xrrnzldnvr,"8, 1, 4, 7",87
m6six,m66,"6, 6",66
oneccnxglxone29,1ccnxglx129,"1, 1, 2, 9",19
37jvhjvvlbv223mmnrthreesl,37jvhjvvlbv223mmnr3sl,"3, 7, 2, 2, 3, 3",33
bpeight1,bp81,"8, 1",81
twocd8,2cd8,"2, 8",28
4sevensix8twotwohhmzr2,47six8two2hhmzr2,"4, 7, 8, 2, 2",42
djpbjhrcfour5vbpkmsgnjckrkvt7,djpbjhrc45vbpkmsgnjckrkvt7,"4, 5, 7",47
sixnfrlbv8sixrqgmt4qmftxnrmx5,6nfrlbv86rqgmt4qmftxnrmx5,"6, 8, 6, 4, 5",65
sevenzvhhfourchckzrljhfivevjbxxh91six,7zvhhfourchckzrljhfivevjbxxh916,"7, 9, 1, 6",76
eightckclzxbkqmkncvfdxfx84zeight1,8ckclzxbkqmkncvfdxfx84z81,"8, 8, 4, 8, 1",81
9stftdhkbs4,9stftdhkbs4,"9, 4",94
qrpbdqzsjfj3seven21zktlblk,qrpbdqzsjfj3721zktlblk,"3, 7, 2, 1",31
seven87,787,"7, 8, 7",77
lpms5,lpms5,5,55
pdgpscn74s4onelh8,pdgpscn74s41lh8,"7, 4, 4, 1, 8",78
7ljbdfour1tnfive81,7ljbd41tn581,"7, 4, 1, 5, 8, 1",71
3rjlmtdvbr,3rjlmtdvbr,3,33
lnvjkkgjc5,lnvjkkgjc5,5,55
7vxlqgxk5lkfdnsdh3,7vxlqgxk5lkfdnsdh3,"7, 5, 3",73
jlpgttbf35fourthreenine3cdfxbsdgslczvpjssm,jlpgttbf354three93cdfxbsdgslczvpjssm,"3, 5, 4, 9, 3",33
eighttwoplpbcbkltwobvzccbhxndndmgxdf5,8twoplpbcbkl2bvzccbhxndndmgxdf5,"8, 2, 5",85
eightoneeight4,8one84,"8, 8, 4",84
rkfx585,rkfx585,"5, 8, 5",55
9fourfour,944,"9, 4, 4",94
7pxcnjslqgp98sixpkhvqjhjqgeightone,7pxcnjslqgp986pkhvqjhjqgeight1,"7, 9, 8, 6, 1",71
fiveeight1fivehvqrnzxqlkrcmd,5eight15hvqrnzxqlkrcmd,"5, 1, 5",55
sevenvgzkmhst8ninegcgzxkxr4dpdjsmone8,7vgzkmhst8ninegcgzxkxr4dpdjsm18,"7, 8, 4, 1, 8",78
fourgjfncfeightlptffqjhrltngg6,4gjfncf8lptffqjhrltngg6,"4, 8, 6",46
sevenqkjdtxptzbtwo8seven8,7qkjdtxptzbtwo878,"7, 8, 7, 8",78
757ltrfkjzeight57,757ltrfkjz857,"7, 5, 7, 8, 5, 7",77
1twofoursix2xcqkf,12four62xcqkf,"1, 2, 6, 2",12
7ninetjngrkq7npldprkd,79tjngrkq7npldprkd,"7, 9, 7",77
kqcgtnxvjv9,kqcgtnxvjv9,9,99
nsvqdsqzthreeqtzzhpd6xcggbnkxfone5,nsvqdsqz3qtzzhpd6xcggbnkxf15,"3, 6, 1, 5",35
eightzkmbhtmpxxjlfqqvmvmbvgmbtpcbpz1,8zkmbhtmpxxjlfqqvmvmbvgmbtpcbpz1,"8, 1",81
six1tpvs2sixnctjmdlc,61tpvs26nctjmdlc,"6, 1, 2, 6",66
695one92sevenggrsc,6951927ggrsc,"6, 9, 5, 1, 9, 2, 7",67
stpr38onedftngldtx8lrsgfljrc,stpr381dftngldtx8lrsgfljrc,"3, 8, 1, 8",38
1vbzxfive4fivetwotwo7,1vbzx54fivetwo27,"1, 5, 4, 2, 7",17
kdsjx2,kdsjx2,2,22
dntkrpshcmqpgskcgsgvq9,dntkrpshcmqpgskcgsgvq9,9,99
6pskhmkpfive1nmkcvonemdfpqdtvdl,6pskhmkp51nmkcv1mdfpqdtvdl,"6, 5, 1, 1",61
fvfndcnine7khthreehljzshdbkblgm,fvfndc97kh3hljzshdbkblgm,"9, 7, 3",93
eight49rcbnkmdthreegqlgvksvxksqf7,849rcbnkmd3gqlgvksvxksqf7,"8, 4, 9, 3, 7",87
22xsix,22x6,"2, 2, 6",26
twosevenfive72bccn8rbzkfczgssqcg,2seven572bccn8rbzkfczgssqcg,"2, 5, 7, 2, 8",28
two9hclkszjmxonetlgjfive1,29hclkszjmxonetlgj51,"2, 9, 5, 1",21
dgpm6nhzkkqng,dgpm6nhzkkqng,6,66
qrnkpxnn3lltxqxxjzxdkxhlkceight3eightthree,qrnkpxnn3lltxqxxjzxdkxhlkc83eight3,"3, 8, 3, 3",33
two5two4one61,25two4161,"2, 5, 4, 1, 6, 1",21
59ninesix,5996,"5, 9, 9, 6",56
3nineninesevenfour,39nineseven4,"3, 9, 4",34
9cvsx1jzrxhrxshldtbbn9,9cvsx1jzrxhrxshldtbbn9,"9, 1, 9",99
65four,654,"6, 5, 4",64
three738,3738,"3, 7, 3, 8",38
cvj2sevenxrsdqhp,cvj27xrsdqhp,"2, 7",27
p255hztrqj92sevenjlpzm,p255hztrqj927jlpzm,"2, 5, 5, 9, 2, 7",27
qjsdgdjrxdsjdfx7one,qjsdgdjrxdsjdfx71,"7, 1",71
6fivexm1qhxbgcvkvxb,65xm1qhxbgcvkvxb,"6, 5, 1",61
fourxdnpqmjs3bqnzzphp1,4xdnpqmjs3bqnzzphp1,"4, 3, 1",41
7nmrndvq7jnxnlsseven9twonelxb,7nmrndvq7jnxnls79tw1lxb,"7, 7, 7, 9, 1",71
four1sjnh5zkrrlxxj,41sjnh5zkrrlxxj,"4, 1, 5",45
hphshrj3cztfgm23two,hphshrj3cztfgm232,"3, 2, 3, 2",32
1zgvfourninefivetwocllkr,1zgv4ninefive2cllkr,"1, 4, 2",12
1mgqmktstwo,1mgqmkts2,"1, 2",12
5ndrsix5tdmfcjbgvff,5ndr65tdmfcjbgvff,"5, 6, 5",55
4onefive9918eight,41five99188,"4, 1, 9, 9, 1, 8, 8",48
sevendbtcttvmcnljp3threethree1vmsggrpx,7dbtcttvmcnljp3three31vmsggrpx,"7, 3, 3, 1",71
four5llnsvvcrcgd7sevenldffd,45llnsvvcrcgd77ldffd,"4, 5, 7, 7",47
nine2five9fivemfour,92five9fivem4,"9, 2, 9, 4",94
2cpbhssgzfsrhjtq2onefmpdqfivehxvbzpfmg,2cpbhssgzfsrhjtq21fmpdq5hxvbzpfmg,"2, 2, 1, 5",25
spglsevenrtbrkpnrq6,spgl7rtbrkpnrq6,"7, 6",76
bbfqkt5nkfrzl99gxdlzzsb,bbfqkt5nkfrzl99gxdlzzsb,"5, 9, 9",59
6csshxkzkshsxnnineeighttwoclslvdkjkc,6csshxkzkshsxn9eight2clslvdkjkc,"6, 9, 2",62
five9pcb2nine4two4b,59pcb2nine424b,"5, 9, 2, 4, 2, 4",54
brzrd5threendzpvs7ldkjxmpqqr,brzrd53ndzpvs7ldkjxmpqqr,"5, 3, 7",57
one4vdtwo,14vd2,"1, 4, 2",12
fourseven5493dvldshvz,475493dvldshvz,"4, 7, 5, 4, 9, 3",43
1gkmnj,1gkmnj,1,11
ninethree8,938,"9, 3, 8",98
vshbcvtvvf4eightonesix,vshbcvtvvf48one6,"4, 8, 6",46
7nine485eightrmxbrd,794858rmxbrd,"7, 9, 4, 8, 5, 8",78
dctwofour3,dc243,"2, 4, 3",23
18ftwo,18f2,"1, 8, 2",12
twotwo8rzdbgeightthree,2two8rzdbgeight3,"2, 8, 3",23
sevenztlzzn38nine3jtnqjsnine6,7ztlzzn38nine3jtnqjs96,"7, 3, 8, 3, 9, 6",76
14qrvcspxmr4,14qrvcspxmr4,"1, 4, 4",14
783sixxkkhrpqjrt5ninesjflktt1,7836xkkhrpqjrt59sjflktt1,"7, 8, 3, 6, 5, 9, 1",71
73five3,7353,"7, 3, 5, 3",73
nrtwonetlmkldqrcjqrdn6gptzdclninethreenine,nr2netlmkldqrcjqrdn6gptzdclninethree9,"2, 6, 9",29
8sixxqfl,86xqfl,"8, 6",86
sndlpvjr3,sndlpvjr3,3,33
hx5zzlqk1571three,hx5zzlqk15713,"5, 1, 5, 7, 1, 3",53
zvl1,zvl1,1,11
1twotnqcmfqrnr33rrhghsdqddpmbzd,12tnqcmfqrnr33rrhghsdqddpmbzd,"1, 2, 3, 3",13
nine1threevcninetwosix7m,91threevcninetwo67m,"9, 1, 6, 7",97
six2onesix1xqjzczdrl3,62one61xqjzczdrl3,"6, 2, 6, 1, 3",63
15jkhgkfzseven26,15jkhgkfz726,"1, 5, 7, 2, 6",16
fntvfkhfzsfour7onesevenfour,fntvfkhfzs47oneseven4,"4, 7, 4",44
sixone653,61653,"6, 1, 6, 5, 3",63
hnvftxjthnmfive1sevendfnpkpffgj,hnvftxjthnm517dfnpkpffgj,"5, 1, 7",57
rdktwone9fourkklk9rsseven,rdk2ne9fourkklk9rs7,"2, 9, 9, 7",27
2fivefive4eight,25five48,"2, 5, 4, 8",28
vmfour34lpjzbr517nqkthkljv,vm434lpjzbr517nqkthkljv,"4, 3, 4, 5, 1, 7",47
hk9rqtwozr189,hk9rq2zr189,"9, 2, 1, 8, 9",99
fivefive3,553,"5, 5, 3",53
5one6four9twohsnjkcp3,516four92hsnjkcp3,"5, 1, 6, 9, 2, 3",53
one77twoeighteightfive6twonek,177twoeighteightfive6tw1k,"1, 7, 7, 6, 1",11
vrxbxdgmtwo8tmglzjx,vrxbxdgm28tmglzjx,"2, 8",28
lp4ckhf,lp4ckhf,4,44
srh2,srh2,2,22
hsbkzggsfgeight5qhblzgsppxbdlpvhvcpgkndzkjtmpggpdx,hsbkzggsfg85qhblzgsppxbdlpvhvcpgkndzkjtmpggpdx,"8, 5",85
sixzvhnnzffnsevenfourpkxnvc7one,6zvhnnzffnsevenfourpkxnvc71,"6, 7, 1",61
fourvgv19g6xhphkdt,4vgv19g6xhphkdt,"4, 1, 9, 6",46
fgvl8nine42,fgvl8942,"8, 9, 4, 2",82
four97five4lfcmzchtbmtvtvbr,49754lfcmzchtbmtvtvbr,"4, 9, 7, 5, 4",44
3onesevenqtwo21jjpgtwo,31sevenqtwo21jjpg2,"3, 1, 2, 1, 2",32
four44fournine1,444four91,"4, 4, 4, 9, 1",41
twozhhvcxck6,2zhhvcxck6,"2, 6",26
skpvglmddmxlsrt3961nine,skpvglmddmxlsrt39619,"3, 9, 6, 1, 9",39
8twoonetwofourtwokxrplnrvhmthree,82onetwofourtwokxrplnrvhm3,"8, 2, 3",83
7ktxhsjdml6twofive,7ktxhsjdml625,"7, 6, 2, 5",75
zfdtjbrfive669bscgkpeightseven,zfdtjbr5669bscgkpeight7,"5, 6, 6, 9, 7",57
zmghddqkseight5two63three45,zmghddqks85two63345,"8, 5, 6, 3, 3, 4, 5",85
x4one,x41,"4, 1",41
5one1pcv9kkninenine7,511pcv9kknine97,"5, 1, 1, 9, 9, 7",57
b678two,b6782,"6, 7, 8, 2",62
x7,x7,7,77
97foursevenbhrxdpkv1,9747bhrxdpkv1,"9, 7, 4, 7, 1",91
rjkfdbteight8fivejrspls231,rjkfdbt885jrspls231,"8, 8, 5, 2, 3, 1",81
six2skbfzvnlbvfour61seven8,62skbfzvnlbvfour6178,"6, 2, 6, 1, 7, 8",68
2mcqpccjfs5,2mcqpccjfs5,"2, 5",25
8tm,8tm,8,88
kr9pmdxkzjsg69fnkrrphlxqpsqjhzbznine,kr9pmdxkzjsg69fnkrrphlxqpsqjhzbz9,"9, 6, 9, 9",99
eightcqmdq8twozbbzfkxlhsmmv7,8cqmdq82zbbzfkxlhsmmv7,"8, 8, 2, 7",87
xvgflfourkhn3ninebx9fivedzsmsnf,xvgfl4khn3ninebx95dzsmsnf,"4, 3, 9, 5",45
crrsnkfmvtwosmjk7,crrsnkfmv2smjk7,"2, 7",27
8four8796,848796,"8, 4, 8, 7, 9, 6",86
nxqhdsczcgnvq5,nxqhdsczcgnvq5,5,55
8five5two9three4,855two934,"8, 5, 5, 9, 3, 4",84
6clffour2eight3zgzjnnmfsix,6clf42eight3zgzjnnmf6,"6, 4, 2, 3, 6",66
1drp4six2rtszhttwotwo,1drp462rtszhttwo2,"1, 4, 6, 2, 2",12
zkmlfive7,zkml57,"5, 7",57
245eightnine9142,245899142,"2, 4, 5, 8, 9, 9, 1, 4, 2",22
sixfive1,651,"6, 5, 1",61
xvnbjvfivezhzfpvnsthree5bvvfive5cxjfkszprp,xvnbjv5zhzfpvnsthree5bvv55cxjfkszprp,"5, 5, 5, 5",55
3bbvmq,3bbvmq,3,33
13,13,"1, 3",13
946five,9465,"9, 4, 6, 5",95
5twooneeightbhxfhpvjmlgtkccqgmqjnq,52one8bhxfhpvjmlgtkccqgmqjnq,"5, 2, 8",58
mlq7,mlq7,7,77
122fivetv4,1225tv4,"1, 2, 2, 5, 4",14
fiveseven833pszfqhbt,57833pszfqhbt,"5, 7, 8, 3, 3",53
229oneninenine414,2291nine9414,"2, 2, 9, 1, 9, 4, 1, 4",24
knmvqkkh1cjbbjnjzrtpxdjznn9six,knmvqkkh1cjbbjnjzrtpxdjznn96,"1, 9, 6",16
78nslms,78nslms,"7, 8",78
vqrdsmtjtgfourninethreefivextgtwo5t,vqrdsmtjtg4ninethreefivextg25t,"4, 2, 5",45
slnrndksnb95three8vrskzqzfthree6,slnrndksnb9538vrskzqzf36,"9, 5, 3, 8, 3, 6",96
4twofhhqdghjssjkkcjlbjthree,42fhhqdghjssjkkcjlbj3,"4, 2, 3",43
2xsnjsfngdqpzfmltkrsk1hvhktwo52,2xsnjsfngdqpzfmltkrsk1hvhk252,"2, 1, 2, 5, 2",22
sevenxxmxmmngqmdx2lbthree,7xxmxmmngqmdx2lb3,"7, 2, 3",73
five823nine,58239,"5, 8, 2, 3, 9",59
dszvsjnzn7,dszvsjnzn7,7,77
tmvlsfive5prd,tmvls55prd,"5, 5",55
six3nine,639,"6, 3, 9",69
onerzskmfthree3sctlkhcqrdzc97,1rzskmf33sctlkhcqrdzc97,"1, 3, 3, 9, 7",17
eight34kfour2cdgnnkdff,834k42cdgnnkdff,"8, 3, 4, 4, 2",82
dmone3three5hjndcbbonethree,dm13three5hjndcbbone3,"1, 3, 5, 3",13
63five5513pdgczone,6355513pdgcz1,"6, 3, 5, 5, 5, 1, 3, 1",61
6fivechs4vk,65chs4vk,"6, 5, 4",64
3zlqsxzqdnpseight5,3zlqsxzqdnps85,"3, 8, 5",35
five6eight13eight,56eight138,"5, 6, 1, 3, 8",58
zjknbtptmdzfour3one2seventhree,zjknbtptmdz43one2seven3,"4, 3, 2, 3",43
sxshgxbcxs64dmtzplkqnfffkpz,sxshgxbcxs64dmtzplkqnfffkpz,"6, 4",64
rml4b65htpzcrlrbn39,rml4b65htpzcrlrbn39,"4, 6, 5, 3, 9",49
8tlpnvnrhjb57,8tlpnvnrhjb57,"8, 5, 7",87
fivetwo1five,5two15,"5, 1, 5",55
9nrrms247qcffourone,9nrrms247qcf41,"9, 2, 4, 7, 4, 1",91
n6two2sevenvtfsxhsn,n6227vtfsxhsn,"6, 2, 2, 7",67
dxjtpsfjcssix2ninefour,dxjtpsfjcs62nine4,"6, 2, 4",64
qfldkljtbqc4five72fourjqbkbrh,qfldkljtbqc45724jqbkbrh,"4, 5, 7, 2, 4",44
3nine1,391,"3, 9, 1",31
jflrjzjzfour3four8threefouroneeight,jflrjzjz43four8threefourone8,"4, 3, 8, 8",48
fivefivesevenseveneight771lhpzhb,5fivesevenseven8771lhpzhb,"5, 8, 7, 7, 1",51
nrszb3eight1tbzmmps79,nrszb381tbzmmps79,"3, 8, 1, 7, 9",39
8kkskdtwoeight78eightvbmv,8kkskd2eight788vbmv,"8, 2, 7, 8, 8",88
4bccrqxmrvd1three,4bccrqxmrvd13,"4, 1, 3",43
nine93fourjhspbgnthree364,993fourjhspbgn3364,"9, 9, 3, 3, 3, 6, 4",94
11q,11q,"1, 1",11
three7fourthreeftbxtmmm,37four3ftbxtmmm,"3, 7, 3",33
mznine6six1,mz9661,"9, 6, 6, 1",91
sevendzpcbqjfdk83twobgqfourmkzfzflnn1,7dzpcbqjfdk83twobgq4mkzfzflnn1,"7, 8, 3, 4, 1",71
twocvbtssm72,2cvbtssm72,"2, 7, 2",22
keightwo12,k8wo12,"8, 1, 2",82
fourzxcbncddhthreeqsccqgsf4crzszqdd3nvvjsix,4zxcbncddhthreeqsccqgsf4crzszqdd3nvvj6,"4, 4, 3, 6",46
jmh3ggvdp,jmh3ggvdp,3,33
12fiveninefoureight,125ninefour8,"1, 2, 5, 8",18
3tvlmfpkgrdthree2phmllhczeightj9qq,3tvlmfpkgrd32phmllhcz8j9qq,"3, 3, 2, 8, 9",39
sevendndrnfpfzmgvfqnkp8pcjlttzfour7,7dndrnfpfzmgvfqnkp8pcjlttz47,"7, 8, 4, 7",77
dvtbsjreight1fkdlffive55bxzpsrnxtbfour,dvtbsjr81fkdlffive55bxzpsrnxtb4,"8, 1, 5, 5, 4",84
7threeseven,737,"7, 3, 7",77
qrhzdlsb4five,qrhzdlsb45,"4, 5",45
bvdvjfqvtrtqntrrnqfpf87njtjgxzkgbcnine,bvdvjfqvtrtqntrrnqfpf87njtjgxzkgbc9,"8, 7, 9",89
z927,z927,"9, 2, 7",97
one2eight,128,"1, 2, 8",18
7dpszhz3pfnrrtrkxjn,7dpszhz3pfnrrtrkxjn,"7, 3",73
8mfkvn,8mfkvn,8,88
258lkpqdc3five733,258lkpqdc35733,"2, 5, 8, 3, 5, 7, 3, 3",23
1nine1threefour,191three4,"1, 9, 1, 4",14
nnbfzxdmm828cdgvfive,nnbfzxdmm828cdgv5,"8, 2, 8, 5",85
threetwothreethreetjzskgfive4,3twothreethreetjzskg54,"3, 5, 4",34
six893sevennine82,6893seven982,"6, 8, 9, 3, 9, 8, 2",62
3ss48phseventwo24,3ss48ph7224,"3, 4, 8, 7, 2, 2, 4",34
xgbpshxnkvcppnninepjcztcsevenqbnjcjftpxxkpqp66,xgbpshxnkvcppn9pjcztc7qbnjcjftpxxkpqp66,"9, 7, 6, 6",96
8mlkbpdpftwonine4,8mlkbpdpf294,"8, 2, 9, 4",84
5three6six1seven,536six17,"5, 3, 6, 1, 7",57
91onelrttnjrcqjtnrfivec,911lrttnjrcqjtnr5c,"9, 1, 1, 5",95
322one,3221,"3, 2, 2, 1",31
sevenmfpxvntvkpqvpbnnbpr5seven18sixeighteightwok,7mfpxvntvkpqvpbnnbpr5seven18sixeighteigh2k,"7, 5, 1, 8, 2",72
jnthkgsrone6vnkdvkjznjnboneoneseven7,jnthkgsr16vnkdvkjznjnboneone77,"1, 6, 7, 7",17
five81472,581472,"5, 8, 1, 4, 7, 2",52
2onefive,215,"2, 1, 5",25
nine9oneqfb7,991qfb7,"9, 9, 1, 7",97
tcf2two2145eightsix,tcf222145eight6,"2, 2, 2, 1, 4, 5, 6",26
vdjhlrksdhcone17three9qoneightr,vdjhlrksdhc117three9qon8r,"1, 1, 7, 9, 8",18
fiveone82228bgrr,5182228bgrr,"5, 1, 8, 2, 2, 2, 8",58
5rfxlfbbjqninethreefour,5rfxlfbbjq9three4,"5, 9, 4",54
eight641,8641,"8, 6, 4, 1",81
2pjmlgrrzvv,2pjmlgrrzvv,2,22
kpqsxmvhp4twohnlsone3eighttwones,kpqsxmvhp42hnlsone3eighttw1s,"4, 2, 3, 1",41
35sixd9eighthm89,356d98hm89,"3, 5, 6, 9, 8, 8, 9",39
8four5onethreeqmdmttvchslfvnqrbftthree,845onethreeqmdmttvchslfvnqrbft3,"8, 4, 5, 3",83
fivemmbfjmq1jlvzsix1hgkbr7bxcsc,5mmbfjmq1jlvz61hgkbr7bxcsc,"5, 1, 6, 1, 7",57
eightgmjxseven5fivefiveslbfsqrjrnbhqzgr,8gmjxseven5five5slbfsqrjrnbhqzgr,"8, 5, 5",85
xr18oneqjgsnjfzcsix4,xr181qjgsnjfzc64,"1, 8, 1, 6, 4",14
9threefivekclcmrnsix654,93fivekclcmrn6654,"9, 3, 6, 6, 5, 4",94
onelnh6sqvzxeight9,1lnh6sqvzx89,"1, 6, 8, 9",19
6vjjpmmxxknineone79,6vjjpmmxxk9179,"6, 9, 1, 7, 9",69
cdsfmz97twoninetqhhtsljsixseven,cdsfmz972ninetqhhtsljsix7,"9, 7, 2, 7",97
8five6,856,"8, 5, 6",86
ninepkp3,9pkp3,"9, 3",93
eightfour4fqtrlnzt,844fqtrlnzt,"8, 4, 4",84
one4pttsvonexsj4,14pttsv1xsj4,"1, 4, 1, 4",14
fczlpseven261,fczlp7261,"7, 2, 6, 1",71
9six6nine5nb4fouroneightv,966nine5nb4fouron8v,"9, 6, 6, 5, 4, 8",98
2snzvzxkbbpcvd,2snzvzxkbbpcvd,2,22
mvnqjkcmkhrvnsxt3hjkj2ninethreezzbbrsdone,mvnqjkcmkhrvnsxt3hjkj29threezzbbrsd1,"3, 2, 9, 1",31
zktwonemhqnxssxftwotsd1nhfmrxpffoureight7,zk2nemhqnxssxftwotsd1nhfmrxpffour87,"2, 1, 8, 7",27
qfhlmpxhxpthreennlk7chk7zzmlqxmtlk6,qfhlmpxhxp3nnlk7chk7zzmlqxmtlk6,"3, 7, 7, 6",36
7dxhzpmtwog9,7dxhzpm2g9,"7, 2, 9",79
kfkmpmzxhn6four87rcthd,kfkmpmzxhn6487rcthd,"6, 4, 8, 7",67
bvplp656vtxxlqvmm6187,bvplp656vtxxlqvmm6187,"6, 5, 6, 6, 1, 8, 7",67
811beight,811b8,"8, 1, 1, 8",88
39586547,39586547,"3, 9, 5, 8, 6, 5, 4, 7",37
18twok,182k,"1, 8, 2",12
pfxsfxsvkjrb9,pfxsfxsvkjrb9,9,99
38z9trcxdbfivedmhtdrfive,38z9trcxdb5dmhtdr5,"3, 8, 9, 5, 5",35
19bhddbmbkbg77,19bhddbmbkbg77,"1, 9, 7, 7",17
four522,4522,"4, 5, 2, 2",42
7vshvtblzonefbfcfgsfive2,7vshvtblz1fbfcfgs52,"7, 1, 5, 2",72
mgtwoneonecthreefoureight37eightjqlxf,mg2neonecthreefoureight378jqlxf,"2, 3, 7, 8",28
eightnine67gthszx9tzxczcpone1,8nine67gthszx9tzxczcp11,"8, 6, 7, 9, 1, 1",81
fourfourthree2fivejrfgkb6seventwo,4fourthree2fivejrfgkb6seven2,"4, 2, 6, 2",42
4dnreightrv6ql3,4dnr8rv6ql3,"4, 8, 6, 3",43
csfgqxjdvm22jjnr9,csfgqxjdvm22jjnr9,"2, 2, 9",29
42szlhdvbdstllzldtcblgtfive7gnctbrmvmn6,42szlhdvbdstllzldtcblgt57gnctbrmvmn6,"4, 2, 5, 7, 6",46
ztwoneeightfourzzsck7seventwo,z2neeightfourzzsck7seven2,"2, 7, 2",22
two78,278,"2, 7, 8",28
1hxqtdxjqflthreesrzzdbxmfnvk89three,1hxqtdxjqfl3srzzdbxmfnvk893,"1, 3, 8, 9, 3",13
rnprnnpbjq7fivetwoneqsh,rnprnnpbjq75tw1qsh,"7, 5, 1",71
hkpjjpbl3nineone6pcszznjft8d,hkpjjpbl3916pcszznjft8d,"3, 9, 1, 6, 8",38
gcbtzdtkhnbbjnftwo2four7nineseven,gcbtzdtkhnbbjnf22four7nine7,"2, 2, 7, 7",27
3foureightonesixrfqrjlp,34eightone6rfqrjlp,"3, 4, 6",36
qvftcskmxdvnsrzqfourfivethreenine99slncxvjrcn,qvftcskmxdvnsrzq4fivethree999slncxvjrcn,"4, 9, 9, 9",49
six5sshpxtr88,65sshpxtr88,"6, 5, 8, 8",68
7twofour,724,"7, 2, 4",74
four143,4143,"4, 1, 4, 3",43
vrxxmzfp8,vrxxmzfp8,8,88
four9tg8bfonesix59,49tg8bfone659,"4, 9, 8, 6, 5, 9",49
three3onezsqdtkrceighthnstg6three,33onezsqdtkrceighthnstg63,"3, 3, 6, 3",33
7seventwonine,77two9,"7, 7, 9",79
fivetwofour9nine1two,5twofour9nine12,"5, 9, 1, 2",52
twozfdvkjzbtwo6xrjgmfgsxv,2zfdvkjzb26xrjgmfgsxv,"2, 2, 6",26
1dqfcfjcbxxgxrksixnine4,1dqfcfjcbxxgxrk694,"1, 6, 9, 4",14
rfpgseven5ninezdmbx5,rfpg759zdmbx5,"7, 5, 9, 5",75
622,622,"6, 2, 2",62
nine19fivetvm,9195tvm,"9, 1, 9, 5",95
eightthreelpj58qjlnhr,83lpj58qjlnhr,"8, 3, 5, 8",88
9fourjtczvxfourfivebmzds415,94jtczvxfour5bmzds415,"9, 4, 5, 4, 1, 5",95
3fivejbgzdsx,35jbgzdsx,"3, 5",35
fcqdbxgjf86twofour,fcqdbxgjf8624,"8, 6, 2, 4",84
nine6oneone,96one1,"9, 6, 1",91
onefour1,141,"1, 4, 1",11
onestc6eight3oneseventhreeone,1stc6eight3oneseventhree1,"1, 6, 3, 1",11
seven2six,726,"7, 2, 6",76
plbgd5nmppgfpbtphsxldrllpmnprm,plbgd5nmppgfpbtphsxldrllpmnprm,5,55
1three14eightbvnzx83,13148bvnzx83,"1, 3, 1, 4, 8, 8, 3",13
four95kkpjsttjf8one,495kkpjsttjf81,"4, 9, 5, 8, 1",41
mrkrgj5xtqvvzpmxn8nine,mrkrgj5xtqvvzpmxn89,"5, 8, 9",59
nineskg78nbrnonelsxfxkxlrc,9skg78nbrn1lsxfxkxlrc,"9, 7, 8, 1",91
qxnvkcx1one,qxnvkcx11,"1, 1",11
9ztbs2grvsixsqt94,9ztbs2grv6sqt94,"9, 2, 6, 9, 4",94
sevenjhtd7,7jhtd7,"7, 7",77
qjb78nine29,qjb78929,"7, 8, 9, 2, 9",79
3oneonegjtcppfrjs633,311gjtcppfrjs633,"3, 1, 1, 6, 3, 3",33
3clhz,3clhz,3,33
1v398nine,1v3989,"1, 3, 9, 8, 9",19
mqlsevenlcnblh94,mql7lcnblh94,"7, 9, 4",74
5fiveseven,557,"5, 5, 7",57
73rbhnnsixsix7ntssps9v,73rbhnn667ntssps9v,"7, 3, 6, 6, 7, 9",79
svjsgvdsrspmsxzkczseven11nine4,svjsgvdsrspmsxzkcz71194,"7, 1, 1, 9, 4",74
onefjncqnsbsvqqm4478,1fjncqnsbsvqqm4478,"1, 4, 4, 7, 8",18
mfzfzjhc1zgbtt,mfzfzjhc1zgbtt,1,11
six1sevenseventwokvbtwogvpstm,61sevenseventwokvb2gvpstm,"6, 1, 2",62
one56nine,1569,"1, 5, 6, 9",19
8sxhbpfrxfsixl9lthreehr9,8sxhbpfrxf6l9l3hr9,"8, 6, 9, 3, 9",89
44nine4threethreedbbp,4494three3dbbp,"4, 4, 9, 4, 3",43
seventhreedp66gnxvfnpzvdpqflnx2,73dp66gnxvfnpzvdpqflnx2,"7, 3, 6, 6, 2",72
twotwofour37cmfzvxqjp5seven,2twofour37cmfzvxqjp57,"2, 3, 7, 5, 7",27
1twonexlr,12nexlr,"1, 2",12
sixtwosix6seven7g,6twosix677g,"6, 6, 7, 7",67
63zscqhtonebtcjfdjqc,63zscqht1btcjfdjqc,"6, 3, 1",61
fiveklbblk4eighttwonefdf,5klbblk4eighttw1fdf,"5, 4, 1",51
seven7one,771,"7, 7, 1",71
zz361tmxqdpmgseven6,zz361tmxqdpmg76,"3, 6, 1, 7, 6",36
5onethree6cgkfkdcmnine2blhxzqxjqk5,51three6cgkfkdcm92blhxzqxjqk5,"5, 1, 6, 9, 2, 5",55
threefour43dp,3443dp,"3, 4, 4, 3",33
hcmjsszeightthree4tsnppskn78ggl,hcmjssz834tsnppskn78ggl,"8, 3, 4, 7, 8",88
7gzqsthtmvszmjvcgseven,7gzqsthtmvszmjvcg7,"7, 7",77
onethree6sevenonetcxsseven,1three6sevenonetcxs7,"1, 6, 7",17
3twobzbxc9onelxfkvgsnhteight,32bzbxc9onelxfkvgsnht8,"3, 2, 9, 8",38
hnljcxrhxhjkhmhtffjrcqmeight7kcjmhjlvmgq4,hnljcxrhxhjkhmhtffjrcqm87kcjmhjlvmgq4,"8, 7, 4",84
5nineseven6lkxzlbf,5976lkxzlbf,"5, 9, 7, 6",56
49jxmvnql8crs,49jxmvnql8crs,"4, 9, 8",48
qgq6eighttwo5one,qgq68two51,"6, 8, 5, 1",61
1xclqfour8bgqsjknine,1xclq48bgqsjk9,"1, 4, 8, 9",19
mrheightwogfglthreeeight6threeeighttwodfkjgp,mrh8wogfglthreeeight6threeeight2dfkjgp,"8, 6, 2",82
26three6nfrxkhqlq93seven,2636nfrxkhqlq937,"2, 6, 3, 6, 9, 3, 7",27
3two4gjzmvvnrhdthreekrqhbfgssjghksix,324gjzmvvnrhdthreekrqhbfgssjghk6,"3, 2, 4, 6",36
sixone6sixfour7four,6one6sixfour74,"6, 6, 7, 4",64
zbsvkkmhmcone677hmjsevenrqmng,zbsvkkmhmc1677hmj7rqmng,"1, 6, 7, 7, 7",17
mqzjpd5foursevengxmsbjhl,mqzjpd547gxmsbjhl,"5, 4, 7",57
lmrpmthreelthree19tvbnbfqggnftwo,lmrpm3lthree19tvbnbfqggnf2,"3, 1, 9, 2",32
x3,x3,3,33
6zrhpdnxqpbfourltbvhlglvseven,6zrhpdnxqpb4ltbvhlglv7,"6, 4, 7",67
3onesixeightsevenqjjclpcndtzgnzcv9,31sixeight7qjjclpcndtzgnzcv9,"3, 1, 7, 9",39
fiveeightrm6,58rm6,"5, 8, 6",56
cfqonesevenszbvlkdpfourninetwo6five,cfq1sevenszbvlkdpfourninetwo65,"1, 6, 5",15
9lhlsbntzfourhvxfxgfjfivezcvqfshmldcmmhb,9lhlsbntz4hvxfxgfj5zcvqfshmldcmmhb,"9, 4, 5",95
oneseven28pjmqkd,1728pjmqkd,"1, 7, 2, 8",18
one5three284fhrbztwoseven,15three284fhrbztwo7,"1, 5, 2, 8, 4, 7",17
jmhj2rnf983bbzsmts2xf,jmhj2rnf983bbzsmts2xf,"2, 9, 8, 3, 2",22
one981eightr4,19818r4,"1, 9, 8, 1, 8, 4",14
tmtwo2zrjdd9five,tm22zrjdd95,"2, 2, 9, 5",25
4eightsixsix,48six6,"4, 8, 6",46
q3rszpbkftqv,q3rszpbkftqv,3,33
6zndd7,6zndd7,"6, 7",67
7sixflqjpcgrh4281,76flqjpcgrh4281,"7, 6, 4, 2, 8, 1",71
89ninehbfklckdglmcgvm2,899hbfklckdglmcgvm2,"8, 9, 9, 2",82
712gsfgtdvthree,712gsfgtdv3,"7, 1, 2, 3",73
nine5knlzninerspkdklnthree,95knlzninerspkdkln3,"9, 5, 3",93
dhjmgthfiveeight79threefive,dhjmgth5eight79three5,"5, 7, 9, 5",55
87bn,87bn,"8, 7",87
4eightkbppvkx9sevenzqcfrqlbxmk45,48kbppvkx97zqcfrqlbxmk45,"4, 8, 9, 7, 4, 5",45
fourthreekvtvdrlgjrk2four7c,4threekvtvdrlgjrk247c,"4, 2, 4, 7",47
six6dlmmmvfkseventwoonesix,66dlmmmvfkseventwoone6,"6, 6, 6",66
47rsjqzcqsnffourqdggnkpgsqjgprhrx2,47rsjqzcqsnf4qdggnkpgsqjgprhrx2,"4, 7, 4, 2",42
ptbtpthmkeightxtzjftbff6dqzdq7,ptbtpthmk8xtzjftbff6dqzdq7,"8, 6, 7",87
48sixcfngcjngjs3bszknmgzjthree,486cfngcjngjs3bszknmgzj3,"4, 8, 6, 3, 3",43
nmcdlgrrdrmrrbpfn1,nmcdlgrrdrmrrbpfn1,1,11
5q6crrhphbmqr8zdddmnseven8,5q6crrhphbmqr8zdddmn78,"5, 6, 8, 7, 8",58
fxlkdnq6,fxlkdnq6,6,66
threeffvsrjdbtfk6trsgmkn,3ffvsrjdbtfk6trsgmkn,"3, 6",36
one3fourtwofcqsgcvvg,13four2fcqsgcvvg,"1, 3, 2",12
eight8onexvdtthree1pzfrllrjrtktzvnrp,88onexvdt31pzfrllrjrtktzvnrp,"8, 8, 3, 1",81
hlnine3,hl93,"9, 3",93
54three3zxbdtjrlzone,5433zxbdtjrlz1,"5, 4, 3, 3, 1",51
5qjnpjvnzpfive2two71rphp,5qjnpjvnzp52271rphp,"5, 5, 2, 2, 7, 1",51
njseven6four,nj764,"7, 6, 4",74
bgpkmfcbl72,bgpkmfcbl72,"7, 2",72
9vmjgvhvfvd1,9vmjgvhvfvd1,"9, 1",91
ttbmt46two,ttbmt462,"4, 6, 2",42
mksvjgxsbdnlg8eighttwofourthreesfn,mksvjgxsbdnlg88twofour3sfn,"8, 8, 3",83
mtjm6twoseven46,mtjm62746,"6, 2, 7, 4, 6",66
fivefourcktdqsdlvpdq1eightwolc,5fourcktdqsdlvpdq1eigh2lc,"5, 1, 2",52
45twoneqs,452neqs,"4, 5, 2",42
sevenplrfqrhfivejqzrnv3,7plrfqrh5jqzrnv3,"7, 5, 3",73
9nine4threetwolk6sevenk,994threetwolk67k,"9, 9, 4, 6, 7",97
5qxpfourfqtg,5qxp4fqtg,"5, 4",54
34cpbblldjfqpltcntpzninetwo,34cpbblldjfqpltcntpz92,"3, 4, 9, 2",32
7eightfivehczsxqhglmtpsxk8hkksbzr,785hczsxqhglmtpsxk8hkksbzr,"7, 8, 5, 8",78
69two9,6929,"6, 9, 2, 9",69
6seven33pggfive1,6733pgg51,"6, 7, 3, 3, 5, 1",61
sevenhkhrj2,7hkhrj2,"7, 2",72
4phnnpxthjn8,4phnnpxthjn8,"4, 8",48
4vnnfqdssrfive8seven8ninedfhl,4vnnfqdssr58seven89dfhl,"4, 5, 8, 8, 9",49
frhf15three4vvlgthree,frhf1534vvlg3,"1, 5, 3, 4, 3",13
4nine3,493,"4, 9, 3",43
57hlrhqmxxxbl,57hlrhqmxxxbl,"5, 7",57
eightjhblpnjk786fivekrq,8jhblpnjk7865krq,"8, 7, 8, 6, 5",85
rj9twofour,rj924,"9, 2, 4",94
lmszmtrhpthreezbdghgfour7sixtwofive,lmszmtrhp3zbdghgfour7sixtwo5,"3, 7, 5",35
ninesixrlxxsskgjpqfdpzbthree5,9sixrlxxsskgjpqfdpzb35,"9, 3, 5",95
qbddmnpgskf1tpfive34,qbddmnpgskf1tp534,"1, 5, 3, 4",14
fxmninejzl319twoeight4,fxm9jzl319two84,"9, 3, 1, 9, 8, 4",94
two7ckzsmvqfcbfourthree25,27ckzsmvqfcbfour325,"2, 7, 3, 2, 5",25
xzhqltqmdfourqshqmlxpninecbrsclzftwotwo7three,xzhqltqmd4qshqmlxpninecbrsclzftwotwo73,"4, 7, 3",43
one3zdppmxfroneighthb,13zdppmxfron8hb,"1, 3, 8",18
eightsix8tmh7fivesixgbdttd3,8six8tmh7five6gbdttd3,"8, 8, 7, 6, 3",83
pnhkxlcsh35,pnhkxlcsh35,"3, 5",35
four45,445,"4, 4, 5",45
9sevenfivehxr4eightfour8,97fivehxr4eight48,"9, 7, 4, 4, 8",98
rmvmqbclzr5bmsxdzxgptlhczgsh42eight,rmvmqbclzr5bmsxdzxgptlhczgsh428,"5, 4, 2, 8",58
bpbbvbjrptfourqpkdfqkjcrrpone1b3,bpbbvbjrpt4qpkdfqkjcrrp11b3,"4, 1, 1, 3",43
2six6,266,"2, 6, 6",26
ninesixthreexshfvpb5,9six3xshfvpb5,"9, 3, 5",95
3xhljmkxlr1clcqkmbdrmtxptgl,3xhljmkxlr1clcqkmbdrmtxptgl,"3, 1",31
gfkhdhgv27ktc7foursevenseven2,gfkhdhgv27ktc74seven72,"2, 7, 7, 4, 7, 2",22
eight1eight4,8184,"8, 1, 8, 4",84
nine4vzdqjs8three9,94vzdqjs839,"9, 4, 8, 3, 9",99
2lhmbfzonetwo9,2lhmbfz129,"2, 1, 2, 9",29
nlhkm83cslc5three9sevennine,nlhkm83cslc539seven9,"8, 3, 5, 3, 9, 9",89
thhllmnnpxsbtjvnrnhq8rbvhzfrxzqqqhccqlzfggseven,thhllmnnpxsbtjvnrnhq8rbvhzfrxzqqqhccqlzfgg7,"8, 7",87
four6six8kqmjzk8,4668kqmjzk8,"4, 6, 6, 8, 8",48
gcrqzmbsh7seven6,gcrqzmbsh776,"7, 7, 6",76
8five575four9six,85575four96,"8, 5, 5, 7, 5, 9, 6",86
four615,4615,"4, 6, 1, 5",45
41xzlprtjncrlzbcgvbmclsqrnbdone6,41xzlprtjncrlzbcgvbmclsqrnbd16,"4, 1, 1, 6",46
sdphx53c,sdphx53c,"5, 3",53
threefblfr1seven3,3fblfr173,"3, 1, 7, 3",33
xqh1one,xqh11,"1, 1",11
qztslzlkheightsixkrpfourtwonine7one,qztslzlkh8sixkrpfourtwonine71,"8, 7, 1",81
nhqdsngrf8seven7dkbkfbdgdcjvnmdbzx9,nhqdsngrf877dkbkfbdgdcjvnmdbzx9,"8, 7, 7, 9",89
7qrmrsnhvfive4klcrkkbtwo,7qrmrsnhv54klcrkkb2,"7, 5, 4, 2",72
qpltxmjl3twosixrnvmlqvgrgmgninetwo,qpltxmjl32sixrnvmlqvgrgmgnine2,"3, 2, 2",32
43lbsbgjkng1one,43lbsbgjkng11,"4, 3, 1, 1",41
lzjqmlxnk452zrglhpbpvtwo,lzjqmlxnk452zrglhpbpv2,"4, 5, 2, 2",42
fourlmcprk36mthree,4lmcprk36m3,"4, 3, 6, 3",43
cssthvvxrgpks48glbxk,cssthvvxrgpks48glbxk,"4, 8",48
qpmkfxk4fourbmnbfzhgn2three,qpmkfxk44bmnbfzhgn23,"4, 4, 2, 3",43
zxkntbdnm3fivethreesixmkgztvrfpkjgxljbm5tt,zxkntbdnm35three6mkgztvrfpkjgxljbm5tt,"3, 5, 6, 5",35
1vlhrcllfjtsgmqcvhcbcr98,1vlhrcllfjtsgmqcvhcbcr98,"1, 9, 8",18
nine6dlkvtfjfnq3hbxxm,96dlkvtfjfnq3hbxxm,"9, 6, 3",93
eight42,842,"8, 4, 2",82
mnrdpvdpklgkjnrz4,mnrdpvdpklgkjnrz4,4,44
1seven93ninesevenjqmeighteightwoz,1793ninesevenjqmeighteigh2z,"1, 7, 9, 3, 2",12
seven8933five4seven,78933five47,"7, 8, 9, 3, 3, 4, 7",77
9lldhvdqdzvdgptsmf1eight,9lldhvdqdzvdgptsmf18,"9, 1, 8",98
7fiveninezfourkrltflg,75ninez4krltflg,"7, 5, 4",74
threeseven9,379,"3, 7, 9",39
7hjfzpltbjqbkx1two,7hjfzpltbjqbkx12,"7, 1, 2",72
1twoqghxlrpmfourfivefonermntbg,12qghxlrpmfourfivef1rmntbg,"1, 2, 1",11
77eightjpgmmjst4,778jpgmmjst4,"7, 7, 8, 4",74
9three8586nine6kb,93858696kb,"9, 3, 8, 5, 8, 6, 9, 6",96
three8ninetwothree2,38ninetwo32,"3, 8, 3, 2",32
13xrhdzqsonesix43bph,13xrhdzqs1643bph,"1, 3, 1, 6, 4, 3",13
foneight7,f1ight7,"1, 7",17
29one,291,"2, 9, 1",21
rth7cczktksv2,rth7cczktksv2,"7, 2",72
frrpbtjjcdfccdl1three,frrpbtjjcdfccdl13,"1, 3",13
one5six4,1564,"1, 5, 6, 4",14
ninehszc5svnhfrqm,9hszc5svnhfrqm,"9, 5",95
threezfrmbgmjzg6,3zfrmbgmjzg6,"3, 6",36
9eight8one8fxlkdjhql,98818fxlkdjhql,"9, 8, 8, 1, 8",98
fivesmtkcsskrq7hxqbfkbqlninegnqddjrvxb,5smtkcsskrq7hxqbfkbql9gnqddjrvxb,"5, 7, 9",59
zfivehhknpdm7fngjpkbvone,z5hhknpdm7fngjpkbv1,"5, 7, 1",51
7five8,758,"7, 5, 8",78
qkcxcpjzggzdxrfhlbsdbq17,qkcxcpjzggzdxrfhlbsdbq17,"1, 7",17
654mk,654mk,"6, 5, 4",64
2mqtgbmsnhq4zv48jzdchccdpzhs,2mqtgbmsnhq4zv48jzdchccdpzhs,"2, 4, 4, 8",28
rpkfj1hkrztwosix4bktdfk,rpkfj1hkrz264bktdfk,"1, 2, 6, 4",14
seven9bxjmvrbb,79bxjmvrbb,"7, 9",79
9threethreeeightppdkjzltclnq8sixnine,93threeeightppdkjzltclnq8six9,"9, 3, 8, 9",99
7seven92,7792,"7, 7, 9, 2",72
567onefour8bsgjtrvsxkjlsc,567148bsgjtrvsxkjlsc,"5, 6, 7, 1, 4, 8",58
1dnbsjbdsrsscq3ninefour,1dnbsjbdsrsscq394,"1, 3, 9, 4",14
vbpkpgssljgtxdfivethree6,vbpkpgssljgtxd536,"5, 3, 6",56
eightsevenrkkjszmxvxtwo9jpvzldd6,8sevenrkkjszmxvx29jpvzldd6,"8, 2, 9, 6",86
one7523vgpvlkd,17523vgpvlkd,"1, 7, 5, 2, 3",13
foureightonepeight4,4eightonep84,"4, 8, 4",44
9fiveeightone,95eight1,"9, 5, 1",91
nine7one9,9719,"9, 7, 1, 9",99
g328dbspnkseven,g328dbspnk7,"3, 2, 8, 7",37
threeclqhr97five,3clqhr975,"3, 9, 7, 5",35
8onefourffhrmfkvctt,814ffhrmfkvctt,"8, 1, 4",84
2pzftpmvzfive,2pzftpmvz5,"2, 5",25
433tvdzmcrdl,433tvdzmcrdl,"4, 3, 3",43
five42ckvlkgkjxh35sixd,542ckvlkgkjxh356d,"5, 4, 2, 3, 5, 6",56
nine6hs,96hs,"9, 6",96
99cmtdzjtpxk15c2,99cmtdzjtpxk15c2,"9, 9, 1, 5, 2",92
tconexjkkh9,tc1xjkkh9,"1, 9",19
sevensix5oneeight,7six5one8,"7, 5, 8",78
twotwo4ncmpzpvvdrsxkpnpfkjseven,2two4ncmpzpvvdrsxkpnpfkj7,"2, 4, 7",27
nine42,942,"9, 4, 2",92
7sevenxntxxdnfckbkdh7seven6eight,77xntxxdnfckbkdh7seven68,"7, 7, 7, 6, 8",78
2foursevenzvdvhmzscd8gmlxxkqxd,247zvdvhmzscd8gmlxxkqxd,"2, 4, 7, 8",28
5sevenrzntpronehfpbdcmffdscfvsqjcvnbtqzpph,57rzntpr1hfpbdcmffdscfvsqjcvnbtqzpph,"5, 7, 1",51
threefoursix6ninegdpmtlsix,3foursix6ninegdpmtl6,"3, 6, 6",36
lxcflpcvgctxhm1nine2,lxcflpcvgctxhm192,"1, 9, 2",12
seven4one9mkkznineck8ptpc,74one9mkkz9ck8ptpc,"7, 4, 9, 9, 8",78
seven4qtgqrcvfcfourzfdnx,74qtgqrcvfc4zfdnx,"7, 4, 4",74
md13xsdltxltqhninemjs,md13xsdltxltqh9mjs,"1, 3, 9",19
fourtxtscncgxvp3tqthreeseven,4txtscncgxvp3tqthree7,"4, 3, 7",47
8zzvkkmzhr7sevenfive776,8zzvkkmzhr775776,"8, 7, 7, 5, 7, 7, 6",86
91sgceightvgzjdkkkthree,91sgc8vgzjdkkk3,"9, 1, 8, 3",93
mfmvgtck5gbjstzvmfvtmr,mfmvgtck5gbjstzvmfvtmr,5,55
nine57one84sixmqt,957one846mqt,"9, 5, 7, 8, 4, 6",96
threekslcvdzlhhq6dqtkp9two4,3kslcvdzlhhq6dqtkp924,"3, 6, 9, 2, 4",34
2slmvrvz38,2slmvrvz38,"2, 3, 8",28
foursix6qlqvzqbdzf2,466qlqvzqbdzf2,"4, 6, 6, 2",42
mftwone3eighthhcsgfvrrj,mf2ne38hhcsgfvrrj,"2, 3, 8",28
174bx2ninetwo8,174bx2928,"1, 7, 4, 2, 9, 2, 8",18
ninetwo7mzlcjkmj,927mzlcjkmj,"9, 2, 7",97
37four2,3742,"3, 7, 4, 2",32
cjmlmtwovrvsbmeightthreethree3lkq9,cjmlm2vrvsbmeightthree33lkq9,"2, 3, 3, 9",29
cscvfbgpjmonep8hmlnvrhvgsqrvcp,cscvfbgpjm1p8hmlnvrhvgsqrvcp,"1, 8",18
tmqkssbt79ninerfgh88,tmqkssbt799rfgh88,"7, 9, 9, 8, 8",78
qdsxzxcseight7,qdsxzxcs87,"8, 7",87
eighteightnine8threecbcnfdtm41,8eightnine83cbcnfdtm41,"8, 8, 3, 4, 1",81
ljpcfour1368nine,ljpc413689,"4, 1, 3, 6, 8, 9",49
hftwoneninesixxxmdtcfd8lbvqdjg,hf2nenine6xxmdtcfd8lbvqdjg,"2, 6, 8",28
kjktdqqbfourdvkjlprhkzgfivetcddgds1,kjktdqqb4dvkjlprhkzg5tcddgds1,"4, 5, 1",41
qjeightwohvvdbqdnbknktv8six4four53,qj8wohvvdbqdnbknktv8six4453,"8, 8, 4, 4, 5, 3",83
6482cbb1,6482cbb1,"6, 4, 8, 2, 1",61
sixcczlxcthree35lqn51,6cczlxc335lqn51,"6, 3, 3, 5, 5, 1",61
rmnmjsthreehfxsjqlpkjxmdkg7three,rmnmjs3hfxsjqlpkjxmdkg73,"3, 7, 3",33
94lhpqldseven,94lhpqld7,"9, 4, 7",97
fctfxjvnine7,fctfxjv97,"9, 7",97
sqnthxzkctfk98,sqnthxzkctfk98,"9, 8",98
8xpknqzfkone,8xpknqzfk1,"8, 1",81
9threeonetwo,93one2,"9, 3, 2",92
59d8twoshphfzlk,59d82shphfzlk,"5, 9, 8, 2",52
26vtseven6bsfkgxmjqnine,26vt76bsfkgxmjq9,"2, 6, 7, 6, 9",29
6nslcxpglfoursevenoneseven,6nslcxpgl4sevenone7,"6, 4, 7",67
sfvpkkvdkrfour31one8bqcrtwokhqp,sfvpkkvdkr431one8bqcr2khqp,"4, 3, 1, 8, 2",42
29vrcx5four9,29vrcx549,"2, 9, 5, 4, 9",29
43two,432,"4, 3, 2",42
eightsixpcmhlk7nhpxhmnrmponesevenpkfgxmrfnq,8sixpcmhlk7nhpxhmnrmpone7pkfgxmrfnq,"8, 7, 7",87
svfjcqdtnmcrtjdgseveneightninetwocnbrrbcgmreight9,svfjcqdtnmcrtjdg7eightninetwocnbrrbcgmr89,"7, 8, 9",79
25cxhtcxvgkjlbcshxrfour7rcnkzmm,25cxhtcxvgkjlbcshxr47rcnkzmm,"2, 5, 4, 7",27
onethree14gvjpp,1314gvjpp,"1, 3, 1, 4",14
sevennxlncmqpkvlhbts1mhpfxzqf8,7nxlncmqpkvlhbts1mhpfxzqf8,"7, 1, 8",78
six6fivesix,66five6,"6, 6, 6",66
3fiveone8one6six57,35one8one6657,"3, 5, 8, 6, 6, 5, 7",37
tqgdrncxgpxpxz33,tqgdrncxgpxpxz33,"3, 3",33
vrdxxljfeightseven63b,vrdxxljf8763b,"8, 7, 6, 3",83
onetwo56nineone9kkb,1two56nine19kkb,"1, 5, 6, 1, 9",19
nvpqcnrgqrrnzqsqrh4four,nvpqcnrgqrrnzqsqrh44,"4, 4",44
67twobvxksevenztnhfpzkj9,672bvxk7ztnhfpzkj9,"6, 7, 2, 7, 9",69
rxddljfhxhlbqqrllk3six,rxddljfhxhlbqqrllk36,"3, 6",36
8twosevenone,82seven1,"8, 2, 1",81
onejxjpcnzljjdkbkmgvvrjrkgxgpqzdmpjzt4,1jxjpcnzljjdkbkmgvvrjrkgxgpqzdmpjzt4,"1, 4",14
ftbssc2fgtmsrjbr,ftbssc2fgtmsrjbr,2,22
djxnine1seven6sixone,djx91seven6six1,"9, 1, 6, 1",91
grqxsevengkkgv83fhspzflvfbqjrm,grqx7gkkgv83fhspzflvfbqjrm,"7, 8, 3",73
ctsj5svksdtwostmft8twonine,ctsj5svksd2stmft8two9,"5, 2, 8, 9",59
two9thpzhrcvdl4,29thpzhrcvdl4,"2, 9, 4",24
one2seven2plxkgkldxcpqconecfnppseightwovz,12seven2plxkgkldxcpqconecfnppseigh2vz,"1, 2, 2, 2",12
prleightwoggdqszvonefrqhh791vxxcfv,prl8woggdqszv1frqhh791vxxcfv,"8, 1, 7, 9, 1",81
nine4seven6ninepbfoursix2,94seven6ninepbfour62,"9, 4, 6, 6, 2",92
fourthree8threett488,4three83tt488,"4, 8, 3, 4, 8, 8",48
six984three9r3xjnmvp,698439r3xjnmvp,"6, 9, 8, 4, 3, 9, 3",63
261,261,"2, 6, 1",21
twoonedrbbmvrm8fivejsix,2onedrbbmvrm8fivej6,"2, 8, 6",26
6onethreethreeeightxpcchknine,61threethreeeightxpcchk9,"6, 1, 9",69
two55oneone3three7five,255oneone3three75,"2, 5, 5, 3, 7, 5",25
three3threekgpsix,33threekgp6,"3, 3, 6",36
rqvfvm9ninesixninesix7pfsxcrx,rqvfvm99sixnine67pfsxcrx,"9, 9, 6, 7",97
4oneeightsixfive,41eightsix5,"4, 1, 5",45
2fourthreeqjppmfjfxnzfdhlr,243qjppmfjfxnzfdhlr,"2, 4, 3",23
9gctq3,9gctq3,"9, 3",93
vtzcng2jhrhgsqhq,vtzcng2jhrhgsqhq,2,22
eightmmxz6ninenleight,8mmxz6ninenl8,"8, 6, 8",88
sbzllxonemjfffkhltgpshkmlrjb7oneone,sbzllx1mjfffkhltgpshkmlrjb7one1,"1, 7, 1",11
7fourfivefivefive3qjfdzclghxtc,74fivefive53qjfdzclghxtc,"7, 4, 5, 3",73
fourfour9hmmlhhbxfour46twomzsgpkht,4four9hmmlhhbxfour462mzsgpkht,"4, 9, 4, 6, 2",42
fiveqc45,5qc45,"5, 4, 5",55
2bvseven54sixghpnhleights,2bv754sixghpnhl8s,"2, 7, 5, 4, 8",28
2qlhvfive6ffpbhftfp6,2qlhv56ffpbhftfp6,"2, 5, 6, 6",26
4sixone1sevengqqqjbzr,46one17gqqqjbzr,"4, 6, 1, 7",47
spq17sevenhjfkkjzdf,spq177hjfkkjzdf,"1, 7, 7",17
eightphqcjzdfzpttgxbsix1fvmnvqczr,8phqcjzdfzpttgxb61fvmnvqczr,"8, 6, 1",81
9hxzczdhdl8oneqkqdlseveneighteight7,9hxzczdhdl81qkqdlseveneight87,"9, 8, 1, 8, 7",97
gllbrsevenfour4vfcgth,gllbr744vfcgth,"7, 4, 4",74
lxdqx59mvzfjcsjl9,lxdqx59mvzfjcsjl9,"5, 9, 9",59
three2eight3seven8rzsthree3,32eight3seven8rzs33,"3, 2, 3, 8, 3, 3",33
two8seven64,28764,"2, 8, 7, 6, 4",24
eight4dqqgeightseven,84dqqgeight7,"8, 4, 7",87
71threejdzzk,713jdzzk,"7, 1, 3",73
6fourgtcqnjkzjljksdqtbddpvxznvmprjtr6,64gtcqnjkzjljksdqtbddpvxznvmprjtr6,"6, 4, 6",66
3fxkdgm,3fxkdgm,3,33
eighttwo3four6zg,8two346zg,"8, 3, 4, 6",86
6rxlnjpgkkstkbzj,6rxlnjpgkkstkbzj,6,66
74pcpzgndmtjgngonejfskscqfgm,74pcpzgndmtjgng1jfskscqfgm,"7, 4, 1",71
dfssmbbxf873rhrbxnfzcp,dfssmbbxf873rhrbxnfzcp,"8, 7, 3",83
bpqlnrtn5eightsixdschkk,bpqlnrtn586dschkk,"5, 8, 6",56
lcrhcxvbrqhbz1one8,lcrhcxvbrqhbz118,"1, 1, 8",18
46mrpfrtpnzdkshjgfxnrjbtntdnfive,46mrpfrtpnzdkshjgfxnrjbtntdn5,"4, 6, 5",45
tlgtzp86twofive,tlgtzp8625,"8, 6, 2, 5",85
eightpmbdvzmdmpfivebphsv2pzxtcsrvtgnqnhvsbdf9twonehc,8pmbdvzmdmpfivebphsv2pzxtcsrvtgnqnhvsbdf9tw1hc,"8, 2, 9, 1",81
xqkbgbseven5,xqkbgb75,"7, 5",75
bheightwotwojl1one8,bh8wotwojl118,"8, 1, 1, 8",88
five7zsixgsmtvpxkkdrjtqtfjdjln,57z6gsmtvpxkkdrjtqtfjdjln,"5, 7, 6",56
poneightbrndfh97kqtpgcstvnine6,p1ightbrndfh97kqtpgcstv96,"1, 9, 7, 9, 6",16
svhgqmjgfoureight7twodsmcnjh6mmncjvltp,svhgqmjg4eight72dsmcnjh6mmncjvltp,"4, 7, 2, 6",46
79sixfourdlprglcm,7964dlprglcm,"7, 9, 6, 4",74
five31,531,"5, 3, 1",51
ncnmdbvvhnpqxzkktjzbsqxb42,ncnmdbvvhnpqxzkktjzbsqxb42,"4, 2",42
twoone8mfxc,218mfxc,"2, 1, 8",28
sixtwogxhhvcqpvzjmnltcdskdthree3nvdqeight,6twogxhhvcqpvzjmnltcdskdthree3nvdq8,"6, 3, 8",68
stwone15,s2ne15,"2, 1, 5",25
threethreeghzvvdkd7,33ghzvvdkd7,"3, 3, 7",37
fivesevenr3nj,57r3nj,"5, 7, 3",53
five6rmrccmczninelshone62,56rmrccmczninelsh162,"5, 6, 1, 6, 2",52
8threet4nsrrkhg6bprcjtrpgclp,83t4nsrrkhg6bprcjtrpgclp,"8, 3, 4, 6",86
3twoseven5,3275,"3, 2, 7, 5",35
26twopqtvsks5,262pqtvsks5,"2, 6, 2, 5",25
ninemhgqvchgzgndlone938five,9mhgqvchgzgndlone9385,"9, 9, 3, 8, 5",95
5twoprnvvvfcbninexxfrh2,52prnvvvfcb9xxfrh2,"5, 2, 9, 2",52
6fdpxffv4,6fdpxffv4,"6, 4",64
ninetwo5one6nqngsbqghbphngmone,9two5one6nqngsbqghbphngm1,"9, 5, 6, 1",91
kvqfvnxnine9552,kvqfvnx99552,"9, 9, 5, 5, 2",92
1lmht,1lmht,1,11
6jvngqeightqnp925,6jvngq8qnp925,"6, 8, 9, 2, 5",65
one53rqlbdzfive453xp,153rqlbdz5453xp,"1, 5, 3, 5, 4, 5, 3",13
32gntcntdtcv,32gntcntdtcv,"3, 2",32
6qxdnhpvrcd5fivenpmqb,6qxdnhpvrcd55npmqb,"6, 5, 5",65
sevenninesevenfive9,7nineseven59,"7, 5, 9",79
98svjcb1nine,98svjcb19,"9, 8, 1, 9",99
777ctrsnjzlfbxdzbvckr,777ctrsnjzlfbxdzbvckr,"7, 7, 7",77
6three4onetwofour2five,634onetwofour25,"6, 3, 4, 2, 5",65
27hdhhbv68sevennineclpdtb,27hdhhbv6879clpdtb,"2, 7, 6, 8, 7, 9",29
mknzmjqsp5xd7vdmfkbcfpgst2,mknzmjqsp5xd7vdmfkbcfpgst2,"5, 7, 2",52
39twotwo,3922,"3, 9, 2, 2",32
d78jjxpgrgmpbthreefivezlbvgphnsd,d78jjxpgrgmpb35zlbvgphnsd,"7, 8, 3, 5",75
mcxgg3one7eightrzbdqzvfnvxn,mcxgg3178rzbdqzvfnvxn,"3, 1, 7, 8",38
ncmfng86sevendqscgbmlrjnkvgqmzzfff1,ncmfng867dqscgbmlrjnkvgqmzzfff1,"8, 6, 7, 1",81
fivejlsdtbktwosix3,5jlsdtbktwo63,"5, 6, 3",53
npnxr6five947,npnxr65947,"6, 5, 9, 4, 7",67
2prjccpmn3hfnxpqht8nine5four,2prjccpmn3hfnxpqht8954,"2, 3, 8, 9, 5, 4",24
hfqrqpzfkqllthttmb4kcvfgtmp,hfqrqpzfkqllthttmb4kcvfgtmp,4,44
2fourfour,244,"2, 4, 4",24
6pj9fivenmhdlsx,6pj95nmhdlsx,"6, 9, 5",65
6csv7ninesevenlzgzninesixsthrlvsst,6csv79sevenlzgznine6sthrlvsst,"6, 7, 9, 6",66
7one83,7183,"7, 1, 8, 3",73
7mlrfqmjq47gfgpqgkgmpq72,7mlrfqmjq47gfgpqgkgmpq72,"7, 4, 7, 7, 2",72
six5pnslzjhthfour67kcvgsix,65pnslzjhthfour67kcvg6,"6, 5, 6, 7, 6",66
ninetwothree3,9two33,"9, 3, 3",93
vb91two4two,vb91242,"9, 1, 2, 4, 2",92
eightdqmnsxlhhkz44two,8dqmnsxlhhkz442,"8, 4, 4, 2",82
trzzone6tcvrsznine7kdctnine,trzz16tcvrsznine7kdct9,"1, 6, 7, 9",19
nineninefdfnxsixnrq2ninezrn,9ninefdfnxsixnrq29zrn,"9, 2, 9",99
bl79eight59,bl79859,"7, 9, 8, 5, 9",79
jvjxkgjrbqdmnzk432sixmblqqmpn,jvjxkgjrbqdmnzk4326mblqqmpn,"4, 3, 2, 6",46
two39hthree7,239h37,"2, 3, 9, 3, 7",27
tdlcjpj5jhslsgfcx,tdlcjpj5jhslsgfcx,5,55
4two9jzdfzbbp,429jzdfzbbp,"4, 2, 9",49
9six7gtbk15vqzhhsbtxgmcx,967gtbk15vqzhhsbtxgmcx,"9, 6, 7, 1, 5",95
7vptsbpmq1,7vptsbpmq1,"7, 1",71
59nsfbgxkvphnqvt,59nsfbgxkvphnqvt,"5, 9",59
dmffndtn9,dmffndtn9,9,99
gzfnfsrdmrgtrbbsfive586xhrc,gzfnfsrdmrgtrbbs5586xhrc,"5, 5, 8, 6",56
cxvgfjjvbtlvkpsgsknine4jjgntjjzgfqrmlfbx4six,cxvgfjjvbtlvkpsgsk94jjgntjjzgfqrmlfbx46,"9, 4, 4, 6",96
3tszbt1six3,3tszbt163,"3, 1, 6, 3",33
ptjjhztq9eightseven,ptjjhztq987,"9, 8, 7",97
zglcldrtwo5fqhvmfivesevenxvkxl9,zglcldr25fqhvmfive7xvkxl9,"2, 5, 7, 9",29
sevenonephscj3foursix2,7onephscj3four62,"7, 3, 6, 2",72
ninelgclbhv37,9lgclbhv37,"9, 3, 7",97
fczvmgkzbm2jnzbgxhqmzoneqsrdj61,fczvmgkzbm2jnzbgxhqmz1qsrdj61,"2, 1, 6, 1",21
1v8hpchzrvnzfbxninencjqdtqvgl,1v8hpchzrvnzfbx9ncjqdtqvgl,"1, 8, 9",19
seven6threeone,76three1,"7, 6, 1",71
five2sixrlfqftqzgks,526rlfqftqzgks,"5, 2, 6",56
6three1xzgnkrzl2krjtxr,631xzgnkrzl2krjtxr,"6, 3, 1, 2",62
zgkjvnkczstwolctzzlsevenone6bglzxscglsnjm,zgkjvnkczs2lctzzlseven16bglzxscglsnjm,"2, 1, 6",26
3kvxbzmpvrp,3kvxbzmpvrp,3,33
75vfz2,75vfz2,"7, 5, 2",72
vpnh25eight,vpnh258,"2, 5, 8",28
cnsdklvrsix2one,cnsdklvr621,"6, 2, 1",61
kvlsjffgfltbkckcznmgrr8,kvlsjffgfltbkckcznmgrr8,8,88
56foursix,5646,"5, 6, 4, 6",56
pmhgkfonehjdslqbdc4eight9,pmhgkf1hjdslqbdc489,"1, 4, 8, 9",19
twodmmsk57nx,2dmmsk57nx,"2, 5, 7",27
lfjvsz6fivekfivefivesdplsixpx,lfjvsz65kfivefivesdpl6px,"6, 5, 6",66
twofivethreeqdgf3eightthree,2fivethreeqdgf3eight3,"2, 3, 3",23
43sevenhnvsp,437hnvsp,"4, 3, 7",47
threeeightzh3threeqnncknpxgseven,3eightzh3threeqnncknpxg7,"3, 3, 7",37
4vbnmhgrmtsblrhrtoneljbbnvxmtvbfzssgone,4vbnmhgrmtsblrhrt1ljbbnvxmtvbfzssg1,"4, 1, 1",41
5kvqfxmlkgcmlmgbfiveeight,5kvqfxmlkgcmlmgb58,"5, 5, 8",58
55ztqqfzvmdppdpq1three3sixtwo,55ztqqfzvmdppdpq133six2,"5, 5, 1, 3, 3, 2",52
26bskpdjql,26bskpdjql,"2, 6",26
threehhgxmxdz1five94eight,3hhgxmxdz1five948,"3, 1, 9, 4, 8",38
52fourzcbcfknlvlrnvhbnldq,524zcbcfknlvlrnvhbnldq,"5, 2, 4",54
three49four8gshbnmxlc8vphklsvfmhnfss,34948gshbnmxlc8vphklsvfmhnfss,"3, 4, 9, 4, 8, 8",38
sevend95,7d95,"7, 9, 5",75
fbkmpcone555oneightkc,fbkmpc1555on8kc,"1, 5, 5, 5, 8",18
5qddnptqdoneonezczvnsl,5qddnptqd11zczvnsl,"5, 1, 1",51
78ttssqjfournddr986,78ttssqj4nddr986,"7, 8, 4, 9, 8, 6",76
three4five,345,"3, 4, 5",35
jb6,jb6,6,66
ht3hmrbxjsdvrsnlzvsqrj1rlcfggt5,ht3hmrbxjsdvrsnlzvsqrj1rlcfggt5,"3, 1, 5",35
5bgxfoursevenrhtcqf2dpkvfmsmh2,5bgx47rhtcqf2dpkvfmsmh2,"5, 4, 7, 2, 2",52
8rdsljbdggzseven4chgfppzmzkj,8rdsljbdggz74chgfppzmzkj,"8, 7, 4",84
hfcjpnrzsixfivefour6,hfcjpnrz6five46,"6, 4, 6",66
seveneight5hldmqltxonecbtknbeight6,7eight5hldmqltxonecbtknb86,"7, 5, 8, 6",76
6ninetztvlzdmgj2xzbtk,69tztvlzdmgj2xzbtk,"6, 9, 2",62
three988twodndrqvqpq,39882dndrqvqpq,"3, 9, 8, 8, 2",32
4threejkrpgtlhgg6five,43jkrpgtlhgg65,"4, 3, 6, 5",45
4kgxgmprssixseven,4kgxgmprs67,"4, 6, 7",47
spfpone16,spfp116,"1, 1, 6",16
xcpqvrthreemrggrvghqcgbqtkknvvk5,xcpqvr3mrggrvghqcgbqtkknvvk5,"3, 5",35
2three84bxtwo,2384bx2,"2, 3, 8, 4, 2",22
gjmv82mgnqqgnzcgcd,gjmv82mgnqqgnzcgcd,"8, 2",82
3nine4seven,3947,"3, 9, 4, 7",37
9twosnine,92s9,"9, 2, 9",99
nxfmfour8bgcgdkvb,nxfm48bgcgdkvb,"4, 8",48
8three6one,8361,"8, 3, 6, 1",81
bxvxksbbdn3knpdc6stfbxffjggfglc,bxvxksbbdn3knpdc6stfbxffjggfglc,"3, 6",36
sevenmfpxjgnpb743five6,7mfpxjgnpb74356,"7, 7, 4, 3, 5, 6",76
seven7sm,77sm,"7, 7",77
8qxbbcxjvppeightwot,8qxbbcxjvpp8wot,"8, 8",88
fivetwotwo1seven8r,5twotwo178r,"5, 1, 7, 8",58
96eightnrbeight84,968nrb884,"9, 6, 8, 8, 8, 4",94
gljg4fiveone,gljg451,"4, 5, 1",41
8nine6sevenmllmmchzjxb,8967mllmmchzjxb,"8, 9, 6, 7",87
3twosixdcgl,326dcgl,"3, 2, 6",36
6xsfmfjjnz6vstfvhndhlklrsc73kljcseven,6xsfmfjjnz6vstfvhndhlklrsc73kljc7,"6, 6, 7, 3, 7",67
threefour1,341,"3, 4, 1",31
tqtlxckrrch5jone9,tqtlxckrrch5j19,"5, 1, 9",59
9qjsntszxb,9qjsntszxb,9,99
ninetwopqfnsrxrfstwod8one,9twopqfnsrxrfstwod81,"9, 8, 1",91
6eight85,6885,"6, 8, 8, 5",65
four63vgjflnctzssfstjx113,463vgjflnctzssfstjx113,"4, 6, 3, 1, 1, 3",43
1vhshftmrbseventhreetwoeight,1vhshftmrb7threetwo8,"1, 7, 8",18
51bntvpdmxfznine5hbt,51bntvpdmxfz95hbt,"5, 1, 9, 5",55
fivebpcntvnklxxseven9,5bpcntvnklxx79,"5, 7, 9",59
2xq,2xq,2,22
vjcbktqbxd55zhdxrhjqnr,vjcbktqbxd55zhdxrhjqnr,"5, 5",55
bxqndkhjg1sixvjct4,bxqndkhjg16vjct4,"1, 6, 4",14
2two1three,2213,"2, 2, 1, 3",23
kkconeight5eight9,kkc1ight589,"1, 5, 8, 9",19
gz6two,gz62,"6, 2",62
dmctnkrmone7fourdfqcfone3,dmctnkrm17fourdfqcf13,"1, 7, 1, 3",13
9oneightcb,91ightcb,"9, 1",91
fiveqzjsvjqlsd99kpsixone,5qzjsvjqlsd99kpsix1,"5, 9, 9, 1",51
8fivehfphnvtdf,85hfphnvtdf,"8, 5",85
3six8jrrlnpj,368jrrlnpj,"3, 6, 8",38
1six53hpmgsfqfourxmfmdqds,1653hpmgsfq4xmfmdqds,"1, 6, 5, 3, 4",14
eight7ljkrn3cntjv,87ljkrn3cntjv,"8, 7, 3",83
7rkscrcchttwoggxktqdptwodpkcsgpbseven,7rkscrccht2ggxktqdptwodpkcsgpb7,"7, 2, 7",77
eightthreeseven9threebdlskshg,8threeseven93bdlskshg,"8, 9, 3",83
18xpklsg,18xpklsg,"1, 8",18
2sevenjlscgksv,27jlscgksv,"2, 7",27
rmr3784sevenbgqfhklhl,rmr37847bgqfhklhl,"3, 7, 8, 4, 7",37
dbmtkvthree9mmqzfvmhpthreefivethreetwo,dbmtkv39mmqzfvmhpthreefivethree2,"3, 9, 2",32
566sixeightone6fiveone,5666eightone6five1,"5, 6, 6, 6, 6, 1",51
sixtwokf9,62kf9,"6, 2, 9",69
lzgsrdmnl2xpps,lzgsrdmnl2xpps,2,22
zlbmfmxtvhvng1eight,zlbmfmxtvhvng18,"1, 8",18
1nine76ninegpc,19769gpc,"1, 9, 7, 6, 9",19
8onesevenxqjqrxflrb1,817xqjqrxflrb1,"8, 1, 7, 1",81
2dhthree6sixthree,2dh36six3,"2, 3, 6, 3",23
4eight16,4816,"4, 8, 1, 6",46
2threenvllhnkqthreelhfnbp1gmkcgdf,23nvllhnkq3lhfnbp1gmkcgdf,"2, 3, 3, 1",21
5threeeightthreeeight,53eightthree8,"5, 3, 8",58
qjltlxkptr7threezplpxvqgrrn5,qjltlxkptr73zplpxvqgrrn5,"7, 3, 5",75
ftkjg8onedxjcnmrsmf6foursctg5,ftkjg81dxjcnmrsmf64sctg5,"8, 1, 6, 4, 5",85
threenks5,3nks5,"3, 5",35
btseven2dlqjqpsnhxqmvqnjx,bt72dlqjqpsnhxqmvqnjx,"7, 2",72
43four,434,"4, 3, 4",44
64thknbt3three,64thknbt33,"6, 4, 3, 3",63
jgghlcsxl4gtwo9gfdcgxfour,jgghlcsxl4g29gfdcgx4,"4, 2, 9, 4",44
mvdkntknjf1stttccdntnrxhhdzgnrzznineseven,mvdkntknjf1stttccdntnrxhhdzgnrzz97,"1, 9, 7",17
2nine4nine,2949,"2, 9, 4, 9",29
4s6eight66616,4s6866616,"4, 6, 8, 6, 6, 6, 1, 6",46
r4eightjfldjbqhcpxnhmsmzsjm,r48jfldjbqhcpxnhmsmzsjm,"4, 8",48
3smktnsbtjm27cpkzvnjxone,3smktnsbtjm27cpkzvnjx1,"3, 2, 7, 1",31
hvtccdslkb83xmlpktzbfournlklrqfxone,hvtccdslkb83xmlpktzb4nlklrqfx1,"8, 3, 4, 1",81
seven5twosix9,75two69,"7, 5, 6, 9",79
6dcqcfvcrbs8pxphlrrlvqlmjqfrlfoursixseven,6dcqcfvcrbs8pxphlrrlvqlmjqfrl4six7,"6, 8, 4, 7",67
qntwofivezcpfknsvq51,qn25zcpfknsvq51,"2, 5, 5, 1",21
kdvszdf9tzkbhmthn,kdvszdf9tzkbhmthn,9,99
79dcrnqfrnine,79dcrnqfr9,"7, 9, 9",79
dh8hrfvk2nine1fivefourseven,dh8hrfvk291fivefour7,"8, 2, 9, 1, 7",87
rphmhjjnthree1threekbpbjhfk2threeggzjsz,rphmhjjn31threekbpbjhfk23ggzjsz,"3, 1, 2, 3",33
fhfive3vcflkznnpfive,fh53vcflkznnp5,"5, 3, 5",55
sp19onesixtwo5,sp191six25,"1, 9, 1, 2, 5",15
eight2ninejc4fivedgffn,82ninejc45dgffn,"8, 2, 4, 5",85
m5ffive,m5f5,"5, 5",55
436,436,"4, 3, 6",46
khpvrkl27twotwo,khpvrkl2722,"2, 7, 2, 2",22
7fnbzfdsqeight5fourone5one,7fnbzfdsq85fourone51,"7, 8, 5, 5, 1",71
eight92nine48fivecnhzhg9,892nine485cnhzhg9,"8, 9, 2, 4, 8, 5, 9",89
83mkhqxtdt,83mkhqxtdt,"8, 3",83
fivezvmqbczkgclsxfour3eightthreethree,5zvmqbczkgclsxfour3eightthree3,"5, 3, 3",53
sixsixxlmh6,66xlmh6,"6, 6, 6",66
sixfive98,6598,"6, 5, 9, 8",68
fourttlpxqponetwokn8tvkmrk66,4ttlpxqpone2kn8tvkmrk66,"4, 2, 8, 6, 6",46
1chfcvrmxbtwo4,1chfcvrmxb24,"1, 2, 4",14
sevensix1rlcnmbhs4,761rlcnmbhs4,"7, 6, 1, 4",74
eightftbfczpt8cgcnnck,8ftbfczpt8cgcnnck,"8, 8",88
fourfivessnxfmlzzfiveseven24mfbfx,4fivessnxfmlzzfive724mfbfx,"4, 7, 2, 4",44
49lqkxcxtjs2jdsbkmrvfninesix56,49lqkxcxtjs2jdsbkmrvf9656,"4, 9, 2, 9, 6, 5, 6",46
fknjdjqcnm66hrktq,fknjdjqcnm66hrktq,"6, 6",66
1three24four6,132446,"1, 3, 2, 4, 4, 6",16
rpxtwone83,rpx2ne83,"2, 8, 3",23
5vnntgqnrpjh537ninebbkcs6,5vnntgqnrpjh5379bbkcs6,"5, 5, 3, 7, 9, 6",56
three5mjmzhht57,35mjmzhht57,"3, 5, 5, 7",37
six4gfqcdbdhx96jvhktthree6,64gfqcdbdhx96jvhkt36,"6, 4, 9, 6, 3, 6",66
sevendbssnxndrdxlbvssrt8dtrgcxxsixonehhstdr,7dbssnxndrdxlbvssrt8dtrgcxxsix1hhstdr,"7, 8, 1",71
1sixfrzgtwo27pf,16frzg227pf,"1, 6, 2, 2, 7",17
6onevnnptcxhzgonethreetfxlsvxfmbqc,61vnnptcxhzgone3tfxlsvxfmbqc,"6, 1, 3",63
gmqnpqsix7three3one5tpklvdfzkbqftkhrj,gmqnpq67three315tpklvdfzkbqftkhrj,"6, 7, 3, 1, 5",65
rrslpzr1,rrslpzr1,1,11
7ninedsvqtgntjdsqqmhgpjkqxkbpgmkxl,79dsvqtgntjdsqqmhgpjkqxkbpgmkxl,"7, 9",79
sevenxhpjppgxqqz9nxgctwo,7xhpjppgxqqz9nxgc2,"7, 9, 2",72
7onefour,714,"7, 1, 4",74
one6dsntwo,16dsn2,"1, 6, 2",12
ghlgnsztmtsevenfour1bsctrtmp,ghlgnsztmt741bsctrtmp,"7, 4, 1",71
onehtzmgbpkjcninefive7bmlnvfhsreightthree,1htzmgbpkjcninefive7bmlnvfhsreight3,"1, 7, 3",13
2822,2822,"2, 8, 2, 2",22
3threerbtmxdngpq12oneeightone,33rbtmxdngpq12oneeight1,"3, 3, 1, 2, 1",31
threenine7z,397z,"3, 9, 7",37
9bvxxcsnzfive98,9bvxxcsnz598,"9, 5, 9, 8",98
djctwonefourlxshzxzmff313onesixkzxxhrrfour,djc2nefourlxshzxzmff313onesixkzxxhrr4,"2, 3, 1, 3, 4",24
sevensevengjbfbzmvlhlseven7bgdrreight,7sevengjbfbzmvlhlseven7bgdrr8,"7, 7, 8",78
seven34p5zpmnn,734p5zpmnn,"7, 3, 4, 5",75
r27threeqzx27gspmgncgth,r273qzx27gspmgncgth,"2, 7, 3, 2, 7",27
threeeighttwoone1jqghpbbl,3eighttwo11jqghpbbl,"3, 1, 1",31
onefqlnr9bmsvjsb2gcl4,1fqlnr9bmsvjsb2gcl4,"1, 9, 2, 4",14
threeqxjjjtqx4four2mbxfive,3qxjjjtqx4four2mbx5,"3, 4, 2, 5",35
5one9qnrzfdsixone,519qnrzfdsix1,"5, 1, 9, 1",51
three184eight,31848,"3, 1, 8, 4, 8",38
2hcnineseven1,2hc971,"2, 9, 7, 1",21
onejgnvdndtwoqpdxbnzhkg91sevenrfgv,1jgnvdndtwoqpdxbnzhkg917rfgv,"1, 9, 1, 7",17
hmgseven1fivek866,hmg715k866,"7, 1, 5, 8, 6, 6",76
seven4four1zpgc,7441zpgc,"7, 4, 4, 1",71
dl8three5,dl835,"8, 3, 5",85
7two2,722,"7, 2, 2",72
hbglb9719,hbglb9719,"9, 7, 1, 9",99
1zsgbsmmgprkmgssvnrbv7,1zsgbsmmgprkmgssvnrbv7,"1, 7",17
5sixfourrfbbvmlrjfourl,56fourrfbbvmlrj4l,"5, 6, 4",54
three63sixseven5,363six75,"3, 6, 3, 7, 5",35
seven3eightthree318five,73eightthree3185,"7, 3, 3, 1, 8, 5",75
6brhdvjnz,6brhdvjnz,6,66
onesevenfivefour5four413,1sevenfivefour54413,"1, 5, 4, 4, 1, 3",13
two5689seventhree9,25689seven39,"2, 5, 6, 8, 9, 3, 9",29
59nczhdqzdr,59nczhdqzdr,"5, 9",59
3vsxmbrfkljfxlkxm1x,3vsxmbrfkljfxlkxm1x,"3, 1",31
6nm6k5three47,6nm6k5347,"6, 6, 5, 3, 4, 7",67
451sixxkcncfqr,4516xkcncfqr,"4, 5, 1, 6",46
xsixonevns4seven3vlxpfcttwo,x6onevns4seven3vlxpfct2,"6, 4, 3, 2",62
kl6onehlrmxgbfourfour8,kl61hlrmxgbfour48,"6, 1, 4, 8",68
qvfclpxqfivethreeninesixl521,qvfclpxq5threenine6l521,"5, 6, 5, 2, 1",51
33hpkbonepsnfp8nine2,33hpkb1psnfp892,"3, 3, 1, 8, 9, 2",32
three41fivetzzfvmlsfive5two,341fivetzzfvmlsfive52,"3, 4, 1, 5, 2",32
9two6vgvxhnfjone,926vgvxhnfj1,"9, 2, 6, 1",91
six68five8pbgrvl2six,668five8pbgrvl26,"6, 6, 8, 8, 2, 6",66
sphsdpxfdtgvmmtwoone8eight,sphsdpxfdtgvmm2one88,"2, 8, 8",28
z726vlhseven,z726vlh7,"7, 2, 6, 7",77
nine9ninesix6xmgbsgfmpgxkzgpzlxqnjsqhr,99nine66xmgbsgfmpgxkzgpzlxqnjsqhr,"9, 9, 6, 6",96
fourknflljrbrq63five,4knflljrbrq635,"4, 6, 3, 5",45
42onef6seven,421f67,"4, 2, 1, 6, 7",47
39njjvzt7threetkccstz,39njjvzt73tkccstz,"3, 9, 7, 3",33
